CODICE_COMUNE;CODICE_ISTAT;PROGRESSIVO_NAZIONALE;CODICE_COMUNALE;ODONIMO;LOCALITA';TOTALE_ACCESSI;DIZIONE_LINGUA1;DIZIONE_LINGUA2;unnamed_10
M208;079160;1245026;;ATRIO ADDOLORATA;;3;;;
M208;079160;1245027;;ATRIO DI VIA CITTADELLA;;4;;;
M208;079160;1245030;;ATRIO DI VIA GIACOMO LEOPARDI;;2;;;
M208;079160;1245437;;ATRIO GIUSEPPE VERDI;;4;;;
M208;079160;1245029;;ATRIO PRIMO DI CORSO DELLA REPUBBLICA;;1;;;
M208;079160;1245467;;ATRIO PRIMO DI VIA CAVOUR;;9;;;
M208;079160;1246270;;ATRIO PRIMO DI VIA FERRUCCIO;;4;;;
M208;079160;1245028;;ATRIO QUARTO DI VIA FERRUCCIO;;4;;;
M208;079160;1246232;;ATRIO SECONDO DI VIA CAVOUR;;3;;;
M208;079160;1246268;;ATRIO SECONDO DI VIA FERRUCCIO;;1;;;
M208;079160;1246274;;ATRIO TERZO DI VIA FERRUCCIO;;7;;;
M208;079160;1246243;;CONTRADA ACQUADAUNZANO;;1;;;
M208;079160;1244978;;CONTRADA ACQUADAUZANO;;77;;;
M208;079160;1244988;;CONTRADA AGLI;;16;;;
M208;079160;1245000;;CONTRADA ANDRICCIOLA;;0;;;
M208;079160;1245001;;CONTRADA ANGILLITO;;0;;;
M208;079160;1245003;;CONTRADA ANNUNZIATA;;41;;;
M208;079160;1245702;;CONTRADA ANNUNZIATA;;0;;;
M208;079160;1245014;;CONTRADA ANZARO;;5;;;
M208;079160;1245036;;CONTRADA BARBUTO;;4;;;
M208;079160;1245037;;CONTRADA BARISCO;;0;;;
M208;079160;1245042;;CONTRADA BASTIA;;0;;;
M208;079160;1245043;;CONTRADA BASTIONE DI MALTA;;3;;;
M208;079160;1245051;;CONTRADA BENEFICIO;;10;;;
M208;079160;1245061;;CONTRADA BOSCO AMATELLO;;3;;;
M208;079160;1245062;;CONTRADA BOSCO FRANCICA;;1;;;
M208;079160;1245067;;CONTRADA BRESCIA;;0;;;
M208;079160;1245071;;CONTRADA BUCOLIA;;0;;;
M208;079160;1245072;;CONTRADA BUCOLIA DI SOPRA;;39;;;
M208;079160;1245073;;CONTRADA BUCOLIA DI SOTTO;;42;;;
M208;079160;1245091;;CONTRADA CALIA;;0;;;
M208;079160;1246213;;CONTRADA CANNETO FRAGALE;;2;;;
M208;079160;1245100;;CONTRADA CANNITELLO;;5;;;
M208;079160;1245101;;CONTRADA CANTARELLE;;28;;;
M208;079160;1245102;;CONTRADA CAPANNONE VOTTA;SAN PIETRO LAMETINO;0;;;
M208;079160;1245104;;CONTRADA CAPITOLO;;9;;;
M208;079160;1245106;;CONTRADA CAPIZZAGLIE;;7;;;
M208;079160;1245114;;CONTRADA CARIA;;13;;;
M208;079160;1245122;;CONTRADA CARONTE;;70;;;
M208;079160;1245124;;CONTRADA CARRA';;1;;;
M208;079160;1246216;;CONTRADA CARRA' COLA;;1;;;
M208;079160;1245125;;CONTRADA CARRA' COSENTINO;;7;;;
M208;079160;1245126;;CONTRADA CARRA' CUTURELLA;;0;;;
M208;079160;1245127;;CONTRADA CARRA FORNACE COSENTINO;;0;;;
M208;079160;1245128;;CONTRADA CARRA' FORNACE MARCHESE;;0;;;
M208;079160;1245129;;CONTRADA CARRA' FORNACI;;4;;;
M208;079160;1245130;;CONTRADA CARRA' FOSSE NICOTERA;;0;;;
M208;079160;1245131;;CONTRADA CARRA' TEODOSIO;;0;;;
M208;079160;1245132;;CONTRADA CARRA' VISCARDI;;2;;;
M208;079160;1246179;;CONTRADA CARRA' VOLPE;;8;;;
M208;079160;1245134;;CONTRADA CARRICELLO;;0;;;
M208;079160;1245136;;CONTRADA CARUSO;;0;;;
M208;079160;1246262;;CONTRADA CASTAGNELLA;;0;;;
M208;079160;1245142;;CONTRADA CASTURI;;28;;;
M208;079160;1245150;;CONTRADA CENSI;;20;;;
M208;079160;1245158;;CONTRADA CHIANTA;;9;;;
M208;079160;1245159;;CONTRADA CHIUSA SAMBIASE;;17;;;
M208;079160;1246212;;CONTRADA COSCHINO;;0;;;
M208;079160;1245186;;CONTRADA COSENTINO;;0;;;
M208;079160;1245195;;CONTRADA CROZZANELLO;;0;;;
M208;079160;1245196;;CONTRADA CROZZANO;;0;;;
M208;079160;1245197;;CONTRADA CROZZANO INFERIORE;;24;;;
M208;079160;1245198;;CONTRADA CROZZANO SUPERIORE;;32;;;
M208;079160;1245202;;CONTRADA CUTURA;;1;;;
M208;079160;1245204;;CONTRADA CUTURELLA;;1;;;
M208;079160;1245207;;CONTRADA DANIELE;;0;;;
M208;079160;1245235;;CONTRADA DEI MEDICI;;0;;;
M208;079160;1245276;;CONTRADA DONNA MAZZA;;1;;;
M208;079160;1245277;;CONTRADA DONNA SANTA;;4;;;
M208;079160;1245312;;CONTRADA FELICETTA;;7;;;
M208;079160;1245313;;CONTRADA FERRANTAZZO;;2;;;
M208;079160;1246248;;CONTRADA FEUDO DE MEDICI;;0;;;
M208;079160;1245320;;CONTRADA FICARELLA;SAN PIETRO LAMETINO;7;;;
M208;079160;1245334;;CONTRADA FONTANELLA;;6;;;
M208;079160;1245336;;CONTRADA FORESTA;;1;;;
M208;079160;1245338;;CONTRADA FORNACE;;0;;;
M208;079160;1246244;;CONTRADA FRASSO BRAGO;;0;;;
M208;079160;1245364;;CONTRADA GABELLA;;89;;;
M208;079160;1245365;;CONTRADA GABELLA CARDOLO;;5;;;
M208;079160;1245368;;CONTRADA GACCIA;;25;;;
M208;079160;1245458;;CONTRADA GUERRIERI SERRA;;22;;;
M208;079160;1245493;;CONTRADA IALA';;0;;;
M208;079160;1245494;;CONTRADA IANIPARI;;0;;;
M208;079160;1245533;;CONTRADA INDIMI;;0;;;
M208;079160;1245564;;CONTRADA LAGANI;;11;;;
M208;079160;1245569;;CONTRADA LENTI STATTI;;0;;;
M208;079160;1245570;;CONTRADA LENZA;;0;;;
M208;079160;1245571;;CONTRADA LENZA GRANDE;;0;;;
M208;079160;1245592;;CONTRADA MADAMA;;0;;;
M208;079160;1246252;;CONTRADA MADDAMMA;;0;;;
M208;079160;1245598;;CONTRADA MAGOLA';;11;;;
M208;079160;1245599;;CONTRADA MAJORANA;SAN PIETRO LAMETINO;0;;;
M208;079160;1245600;;CONTRADA MALASPINA;;0;;;
M208;079160;1245609;;CONTRADA MARCHIONE;;0;;;
M208;079160;1245614;;CONTRADA MARRANO;;10;;;
M208;079160;1245617;;CONTRADA MARSOMIGLIO;;4;;;
M208;079160;1245625;;CONTRADA MATACCA;;8;;;
M208;079160;1245633;;CONTRADA MENDICINO RENDA;;0;;;
M208;079160;1245642;;CONTRADA MIGLIERINA;;9;;;
M208;079160;1246219;;CONTRADA MILETO;;1;;;
M208;079160;1245646;;CONTRADA MINA';;0;;;
M208;079160;1245648;;CONTRADA MISA';;16;;;
M208;079160;1245649;;CONTRADA MITOIO;;29;;;
M208;079160;1245659;;CONTRADA MONTAGNOLA;;2;;;
M208;079160;1245678;;CONTRADA MONTESANTI;;0;;;
M208;079160;1245682;;CONTRADA MURETTO;;14;;;
M208;079160;1245683;;CONTRADA MURO DI GRASSO;;0;;;
M208;079160;1245684;;CONTRADA MUZIO;;3;;;
M208;079160;1246253;;CONTRADA NARDELLI;;2;;;
M208;079160;1246250;;CONTRADA NDINI;;0;;;
M208;079160;1245699;;CONTRADA NOCE;;4;;;
M208;079160;1246211;;CONTRADA PALADINA;;1;;;
M208;079160;1245716;;CONTRADA PALAZZO;;4;;;
M208;079160;1245719;;CONTRADA PALMIERI;;2;;;
M208;079160;1245723;;CONTRADA PANE;;0;;;
M208;079160;1245728;;CONTRADA PAPAZZO;;14;;;
M208;079160;1246187;;CONTRADA PASTORIZIA;;0;;;
M208;079160;1245734;;CONTRADA PASTORIZZA;;0;;;
M208;079160;1245739;;CONTRADA PETRAPPA;;0;;;
M208;079160;1245741;;CONTRADA PIANO DEL DUCA;;0;;;
M208;079160;1245743;;CONTRADA PIANO LUPPINO;;33;;;
M208;079160;1245755;;CONTRADA PIGNA;;0;;;
M208;079160;1246215;;CONTRADA PIGNA MAZZEI;;6;;;
M208;079160;1246188;;CONTRADA PILLI CALIGIURI;;6;;;
M208;079160;1245756;;CONTRADA PILLI CAPIZZAGLIE;;5;;;
M208;079160;1246155;;CONTRADA PILLI FRANCICA;;0;;;
M208;079160;1245758;;CONTRADA PIOMBO ZAPPANOTTE;;43;;;
M208;079160;1245759;;CONTRADA PIRO';;10;;;
M208;079160;1245774;;CONTRADA PRATO;SAN PIETRO LAMETINO;3;;;
M208;079160;1245779;;CONTRADA PROCESSIONE STOCCO;;7;;;
M208;079160;1245780;;CONTRADA PRUNIA;;0;;;
M208;079160;1245788;;CONTRADA QUATTROCCHI;;27;;;
M208;079160;1245801;;CONTRADA RICHETTI;;2;;;
M208;079160;1245813;;CONTRADA ROMEO;;0;;;
M208;079160;1246162;;CONTRADA ROMEO SALADINI;;2;;;
M208;079160;1245815;;CONTRADA ROTOLI;;0;;;
M208;079160;1245819;;CONTRADA SACCO;;0;;;
M208;079160;1245825;;CONTRADA SAGRESTIA;;0;;;
M208;079160;1246110;;CONTRADA SALADINI ROMEO;;0;;;
M208;079160;1246259;;CONTRADA SAN IANNI;;0;;;
M208;079160;1245854;;CONTRADA SAN NICOLA;;1;;;
M208;079160;1245880;;CONTRADA SANTA MARIA;;37;;;
M208;079160;1245887;;CONTRADA SANTA VENERE;;33;;;
M208;079160;1245892;;CONTRADA SANT'ERMIA;;14;;;
M208;079160;1245893;;CONTRADA SANT'EUFEMIA VETERE;;0;;;
M208;079160;1245897;;CONTRADA SANTO SIDERO;;22;;;
M208;079160;1245904;;CONTRADA SAVUTANO;;0;;;
M208;079160;1245913;;CONTRADA SCHIENO VIESTE;;5;;;
M208;079160;1245914;;CONTRADA SCHIPANI;;5;;;
M208;079160;1245916;;CONTRADA SCINA';;32;;;
M208;079160;1245918;;CONTRADA SCORDOVILLO;;0;;;
M208;079160;1245922;;CONTRADA SEMINARIO;;0;;;
M208;079160;1245926;;CONTRADA SERRA CASTAGNA;;22;;;
M208;079160;1245928;;CONTRADA SGARANO;;29;;;
M208;079160;1245935;;CONTRADA SOCCORSO;;1;;;
M208;079160;1245937;;CONTRADA SORBELLO;;14;;;
M208;079160;1246255;;CONTRADA SPAGNOLO;;0;;;
M208;079160;1245939;;CONTRADA SPAGNUOLO;;0;;;
M208;079160;1245940;;CONTRADA SPANO';;9;;;
M208;079160;1245941;;CONTRADA SPARTA';;9;;;
M208;079160;1245945;;CONTRADA SPINETO;;16;;;
M208;079160;1245946;;CONTRADA STACCATELLO;;0;;;
M208;079160;1246185;;CONTRADA STIGLIOLA;;0;;;
M208;079160;1245954;;CONTRADA STRAZZAVESTE;;1;;;
M208;079160;1245957;;CONTRADA TALARICO;;0;;;
M208;079160;1245959;;CONTRADA TELARA;;10;;;
M208;079160;1245968;;CONTRADA TIMPE ROSSE;;1;;;
M208;079160;1245971;;CONTRADA TOCCI;FRONTI;3;;;
M208;079160;1246233;;CONTRADA TRAZZA;;1;;;
M208;079160;1245991;;CONTRADA TRE TERZI;SAN PIETRO LAMETINO;2;;;
M208;079160;1246021;;CONTRADA VALLE RICCIARDI INFERIORE;;16;;;
M208;079160;1246020;;CONTRADA VALLE RICCIARDI SUPERIORE;;17;;;
M208;079160;1246023;;CONTRADA VATALARO;;0;;;
M208;079160;1246026;;CONTRADA VELATI;;5;;;
M208;079160;1246214;;CONTRADA VELATI RAMETTA;;8;;;
M208;079160;1246030;;CONTRADA VERITA';;4;;;
M208;079160;1246037;;CONTRADA VIGNOLA STATTI;;0;;;
M208;079160;1246207;;CONTRADA VISCARDI;;1;;;
M208;079160;1246059;;CONTRADA VONIO;;16;;;
M208;079160;1246074;;CONTRADA ZAPPANOTTE;;4;;;
M208;079160;1246076;;CONTRADA ZINNAVO;;2;;;
M208;079160;1246077;;CONTRADA ZOCCA;;0;;;
M208;079160;1246081;;CONTRADA ZUPPELLO;;6;;;
M208;079160;1245258;;CORSO DELLA REPUBBLICA;;22;;;
M208;079160;1245418;;CORSO GIOVANNI NICOTERA;;238;;;
M208;079160;1245701;;CORSO NUMISTRANO;;57;;;
M208;079160;1246055;;CORSO VITTORIO EMANUELE;;0;;;
M208;079160;1245055;;LARGHETTO BLASCHI;;13;;;
M208;079160;1245070;;LARGHETTO BRUZIO;;4;;;
M208;079160;1245170;;LARGHETTO COLONNELLO CASSOLI;;2;;;
M208;079160;1245194;;LARGHETTO CROCEFISSO;;1;;;
M208;079160;1245397;;LARGHETTO GINNASIO;;2;;;
M208;079160;1245534;;LARGHETTO INDIPENDENZA;;3;;;
M208;079160;1245708;;LARGHETTO OSPEDALE;;1;;;
M208;079160;1245874;;LARGHETTO SANTA CROCE;;1;;;
M208;079160;1245889;;LARGHETTO SANT'ANTONIO;;8;;;
M208;079160;1245911;;LARGHETTO SCAVELLO;;2;;;
M208;079160;1245992;;LARGHETTO TREMPA;;15;;;
M208;079160;1245002;;LARGO ANGOTTI;;5;;;
M208;079160;1245048;;LARGO BELVEDERE;;3;;;
M208;079160;1245108;;LARGO CAPORALE;;9;;;
M208;079160;1245188;;LARGO COSTANZO;;7;;;
M208;079160;1245206;;LARGO DAMIANO STATTI;;8;;;
M208;079160;1245210;;LARGO DANO;;8;;;
M208;079160;1245239;;LARGO DEI NORMANNI;;6;;;
M208;079160;1245247;;LARGO DEL GESU';;9;;;
M208;079160;1245296;;LARGO ENRICO VANONI;;3;;;
M208;079160;1246257;;LARGO EZIO VANONI;;7;;;
M208;079160;1245373;;LARGO GALLO;;4;;;
M208;079160;1245392;;LARGO GIARDINETTI;;9;;;
M208;079160;1245451;;LARGO GREGORACI;;6;;;
M208;079160;1245457;;LARGO GUALTIERI;;0;;;
M208;079160;1245536;;LARGO INDIPENDENZA;;0;;;
M208;079160;1245603;;LARGO MANCUSO;;6;;;
M208;079160;1245636;;LARGO MERCURIO;;6;;;
M208;079160;1246104;;LARGO MONSIGNOR PIETRO BONACCI;;0;;;
M208;079160;1245688;;LARGO NETTUNO;;6;;;
M208;079160;1245839;;LARGO SAN FRANCESCO;;20;;;
M208;079160;1245872;;LARGO SANTA CATERINA;;1;;;
M208;079160;1245879;;LARGO SANTA MARIA;;1;;;
M208;079160;1245864;;LARGO SANTO TEODORO;;3;;;
M208;079160;1245909;;LARGO SCARAMUZZINO;;24;;;
M208;079160;1245919;;LARGO SCORPIONE;;4;;;
M208;079160;1245931;;LARGO SILA;;1;;;
M208;079160;1245949;;LARGO STELLA;;5;;;
M208;079160;1245953;;LARGO STRANO;;3;;;
M208;079160;1245979;;LARGO TORRE;;3;;;
M208;079160;1246031;;LARGO VERITA';;5;;;
M208;079160;1246085;;LOCALITA' AGLIOCA;;2;;;
M208;079160;1246228;;LOCALITA' ARICELLA;;0;;;
M208;079160;1245039;;LOCALITA' BARONELLO;;0;;;
M208;079160;1245045;;LOCALITA' BELLAFEMMINA;;166;;;
M208;079160;1246261;;LOCALITA' BIVIO BAGNI;;1;;;
M208;079160;1246210;;LOCALITA' BUFALO;;0;;;
M208;079160;1245080;;LOCALITA' CAFARELLO;;5;;;
M208;079160;1245095;;LOCALITA' CAMPOLONGO;;1;;;
M208;079160;1245099;;LOCALITA' CANNISTRARO;SAMBIASE;0;;;
M208;079160;1245110;;LOCALITA' CARBONARA;;2;;;
M208;079160;1245133;;LOCALITA' CARRELLO;;10;;;
M208;079160;1246254;;LOCALITA' CASE MENDICINO;;3;;;
M208;079160;1245151;;LOCALITA' CERAMIDIO;;3;;;
M208;079160;1246168;;LOCALITA' CERASIA;;4;;;
M208;079160;1245154;;LOCALITA' CERESIA;;0;;;
M208;079160;1245173;;LOCALITA' CONCA;;0;;;
M208;079160;1245203;;LOCALITA' CUTURA;;0;;;
M208;079160;1246218;;LOCALITA' ELEMOSINA;;0;;;
M208;079160;1245304;;LOCALITA' FABIANO;;0;;;
M208;079160;1245306;;LOCALITA' FABRIZIA;;0;;;
M208;079160;1245308;;LOCALITA' FARRA;;0;;;
M208;079160;1245318;;LOCALITA' FEUDO NICOTERA;;0;;;
M208;079160;1246166;;LOCALITA' FICARELLE;;0;;;
M208;079160;1245354;;LOCALITA' FRASSO;;0;;;
M208;079160;1245366;;LOCALITA' GABELLA NICOTERA;;12;;;
M208;079160;1245382;;LOCALITA' GATTOIA;;0;;;
M208;079160;1245393;;LOCALITA' GIARDINO DI RENDA;;2;;;
M208;079160;1245395;;LOCALITA' GINEPRI;;1;;;
M208;079160;1245610;;LOCALITA' MARGI;;0;;;
M208;079160;1245611;;LOCALITA' MARINA DI MAIDA;;0;;;
M208;079160;1245612;;LOCALITA' MARINELLA;;12;;;
M208;079160;1245622;;LOCALITA' MARUCA;;0;;;
M208;079160;1245653;;LOCALITA' MONACI;;0;;;
M208;079160;1245681;;LOCALITA' MUCATA;;0;;;
M208;079160;1246294;;LOCALITA' MURA DI GRASSO;;0;;;
M208;079160;1245705;;LOCALITA' OPPOLESE;;16;;;
M208;079160;1245729;;LOCALITA' PARADISO;;71;;;
M208;079160;1245736;;LOCALITA' PERSICARA;;7;;;
M208;079160;1245763;;LOCALITA' PITIZZANNI;;9;;;
M208;079160;1245180;;LOCALITA' PONTE BAGNI;;1;;;
M208;079160;1245776;;LOCALITA' PRIANO;;2;;;
M208;079160;1245785;;LOCALITA' PULLO;;0;;;
M208;079160;1245786;;LOCALITA' QUADRATI;;0;;;
M208;079160;1245802;;LOCALITA' RISI;;13;;;
M208;079160;1245934;;LOCALITA' SAN MINA' INFERIORE;;23;;;
M208;079160;1245852;;LOCALITA' SAN MINA' SUPERIORE;;44;;;
M208;079160;1245855;;LOCALITA' SAN NICOLA FIALA';;0;;;
M208;079160;1245856;;LOCALITA' SAN PIETRO;;0;;;
M208;079160;1245876;;LOCALITA' SANTA DOMENICA;;2;;;
M208;079160;1245888;;LOCALITA' SANT'ANTONIO;;0;;;
M208;079160;1245906;;LOCALITA' SCAFFA;;0;;;
M208;079160;1246175;;LOCALITA' SCAFFO;;0;;;
M208;079160;1245915;;LOCALITA' SCIALA';;0;;;
M208;079160;1245964;;LOCALITA' TERRAVECCHIA;;2;;;
M208;079160;1246001;;LOCALITA' TRIGNA;;0;;;
M208;079160;1246010;;LOCALITA' UMBRI;;0;;;
M208;079160;1246017;;LOCALITA' VACCARIZZO;;1;;;
M208;079160;1246019;;LOCALITA' VACCARO;;3;;;
M208;079160;1246022;;LOCALITA' VARRA;;0;;;
M208;079160;1246051;;LOCALITA' VISCARDI;;0;;;
M208;079160;1246220;;LOCALITA' VRUCA;;0;;;
M208;079160;1245049;;PIAZZA BENEDETTO CROCE;;0;;;
M208;079160;1245064;;PIAZZA BOTTICELLI;;0;;;
M208;079160;1245065;;PIAZZA CARLO BOVIO;;11;;;
M208;079160;1245120;;PIAZZA CARMINE;;0;;;
M208;079160;1245181;;PIAZZA CONTE MICHELANGELO;SAN PIETRO LAMETINO;3;;;
M208;079160;1245212;;PIAZZA D'ARMI;;0;;;
M208;079160;1245257;;PIAZZA DELLA REPUBBLICA;;11;;;
M208;079160;1246190;;PIAZZA DON PASQUALE CAPUTO;;0;;;
M208;079160;1245370;;PIAZZA ELVIDIO BORELLI;;0;;;
M208;079160;1245311;;PIAZZA FELICE SACCHI;;19;;;
M208;079160;1245307;;PIAZZA FRANCESCO ANTONIO D'IPPOLITO;;1;;;
M208;079160;1245327;;PIAZZA FRANCESCO FIORENTINO;;23;;;
M208;079160;1245360;;PIAZZA FRANCESCO RENDA;;1;;;
M208;079160;1245381;;PIAZZA GATTINARA;SANT'EUFEMIA VETERE;9;;;
M208;079160;1245019;;PIAZZA GENERALE ARMANDO DIAZ;;10;;;
M208;079160;1245410;;PIAZZA GIOVANNI AMENDOLA;;4;;;
M208;079160;1245431;;PIAZZA GIUSEPPE GARIBALDI;;81;;;
M208;079160;1245434;;PIAZZA GIUSEPPE MAZZINI;;54;;;
M208;079160;1245444;;PIAZZA GOFFREDO MAMELI;;0;;;
M208;079160;1245549;;PIAZZA ITALIA;;17;;;
M208;079160;1246249;;PIAZZA JOHN FITZGERALD KENNEDY;;17;;;
M208;079160;1245563;;PIAZZA KENNEDY;;13;;;
M208;079160;1245566;;PIAZZA LAMEZIA;;4;;;
M208;079160;1245621;;PIAZZA MARTIRI DI TIEN AN MEN;;0;;;
M208;079160;1245634;;PIAZZA MERCATO NUOVO;;0;;;
M208;079160;1245635;;PIAZZA MERCATO VECCHIO;;37;;;
M208;079160;1245689;;PIAZZA NICASTRO;;25;;;
M208;079160;1245751;;PIAZZA PIETRO ARDITO;;4;;;
M208;079160;1245630;;PIAZZA PORCELLI MEDAGLIA D'ORO;;7;;;
M208;079160;1245803;;PIAZZA RISORGIMENTO;SANT'EUFEMIA VETERE;2;;;
M208;079160;1245811;;PIAZZA ROMA;;17;;;
M208;079160;1245812;;PIAZZA ROMAGNA;;3;;;
M208;079160;1245816;;PIAZZA ROTONDA;;3;;;
M208;079160;1245834;;PIAZZA SALVO D'ACQUISTO;;6;;;
M208;079160;1245837;;PIAZZA SAN DOMENICO;;0;;;
M208;079160;1245841;;PIAZZA SAN FRANCESCO DA PAOLA;;15;;;
M208;079160;1245843;;PIAZZA SAN GIOVANNI;;34;;;
M208;079160;1245857;;PIAZZA SAN PIETRO LAMETINO;;0;;;
M208;079160;1245883;;PIAZZA SANTA MARIA MAGGIORE;;22;;;
M208;079160;1245950;;PIAZZA STOCCO;;8;;;
M208;079160;1245284;;PIAZZA STOCCO;;0;;;
M208;079160;1245974;;PIAZZA TOMMASO CAMPANELLA;;3;;;
M208;079160;1245836;;PIAZZETTA SAMBIASE;;0;;;
M208;079160;1245602;;RAMPA MANCINI;;11;;;
M208;079160;1245747;;RAMPA PIEDICHIUSA;;1;;;
M208;079160;1245082;;RIONE CAFOSSI;;4;;;
M208;079160;1245138;;RIONE CASE NUOVE;;0;;;
M208;079160;1245139;;RIONE CASINO;;6;;;
M208;079160;1245449;;RIONE GRANDINETTI;;0;;;
M208;079160;1245604;;RIONE MANDONI;;9;;;
M208;079160;1245709;;RIONE OSPEDALE;;0;;;
M208;079160;1246133;;RIONE RAZIONALE;;26;;;
M208;079160;1245962;;RIONE TERRAVECCHIA;;3;;;
M208;079160;1245111;;SALITA CARCERI;;4;;;
M208;079160;1245358;;SALITA FRATELLI MARUCA;;26;;;
M208;079160;1245380;;SALITA GASPARE MAZZEI;;10;;;
M208;079160;1246135;;SALITA MAZZEI;;9;;;
M208;079160;1245873;;SALITA SANTA CATERINA;;4;;;
M208;079160;1348302;;STRADA COMUNALE MULINO;SANT'EUFEMIA VETERE;6;;;
M208;079160;1246082;;STRADA STATALE 18;;0;;;
M208;079160;1246060;;TRAVERSA DECIMA DI VIA DEI BIZANTINI;;4;;;
M208;079160;1246265;;TRAVERSA DECIMA DI VIA MADONNA DELLA SPINA;;15;;;
M208;079160;1246064;;TRAVERSA DODICESIMA DI VIA DEI BIZANTINI;;5;;;
M208;079160;1245559;;TRAVERSA NONA DI VIA DEI BIZANTINI;;7;;;
M208;079160;1246113;;TRAVERSA NONA DI VIA MADONNA DELLA SPINA;;4;;;
M208;079160;1246042;;TRAVERSA OTTAVA DI VIA DEI BIZANTINI;;18;;;
M208;079160;1246279;;TRAVERSA OTTAVA DI VIA MADONNA DELLA SPINA;;30;;;
M208;079160;1246103;;TRAVERSA PRIMA CANNETO MORELLI;;7;;;
M208;079160;1245466;;TRAVERSA PRIMA DI VIA CALABRIA;;4;;;
M208;079160;1246158;;TRAVERSA PRIMA DI VIA CAVALLERIZZA;;4;;;
M208;079160;1245469;;TRAVERSA PRIMA DI VIA DEI BIZANTINI;;15;;;
M208;079160;1245471;;TRAVERSA PRIMA DI VIA DEL MARE;;0;;;
M208;079160;1246235;;TRAVERSA PRIMA DI VIA ENRICO TOTI;;0;;;
M208;079160;1246285;;TRAVERSA PRIMA DI VIA GABRIELE CIANFLONE;;9;;;
M208;079160;1245472;;TRAVERSA PRIMA DI VIA GIORGIO AMENDOLA;;22;;;
M208;079160;1245473;;TRAVERSA PRIMA DI VIA GIUSEPPE VERDI;;0;;;
M208;079160;1245474;;TRAVERSA PRIMA DI VIA GRAZIA DELEDDA;;4;;;
M208;079160;1245476;;TRAVERSA PRIMA DI VIA LUIGI EINAUDI;;17;;;
M208;079160;1246264;;TRAVERSA PRIMA DI VIA MADONNA DELLA SPINA;;11;;;
M208;079160;1245477;;TRAVERSA PRIMA DI VIA MONTEGRAPPA;SAN PIETRO LAMETINO;0;;;
M208;079160;1245478;;TRAVERSA PRIMA DI VIA PITAGORA;;24;;;
M208;079160;1245475;;TRAVERSA PRIMA DI VIA PRIMO MAGGIO;;1;;;
M208;079160;1245479;;TRAVERSA PRIMA DI VIA SAVERIO D'IPPOLITO;;4;;;
M208;079160;1245480;;TRAVERSA PRIMA DI VIA SCIRO';;18;;;
M208;079160;1245470;;TRAVERSA PRIMA DI VIALE DEI MILLE;;2;;;
M208;079160;1245553;;TRAVERSA QUARTA DI VIA DEI BIZANTINI;;2;;;
M208;079160;1246286;;TRAVERSA QUARTA DI VIA MADONNA DELLA SPINA;;8;;;
M208;079160;1245555;;TRAVERSA QUARTA DI VIALE DEI MILLE;;0;;;
M208;079160;1245556;;TRAVERSA QUARTA DI VIALE PRIMO MAGGIO;;20;;;
M208;079160;1246066;;TRAVERSA QUATTORDICESIMA DI VIA DEI BIZANTINI;;7;;;
M208;079160;1246067;;TRAVERSA QUINDICESIMA DI VIA DEI BIZANTINI;;0;;;
M208;079160;1246015;;TRAVERSA QUINTA DI VIA DEI BIZANTINI;;13;;;
M208;079160;1246114;;TRAVERSA QUINTA DI VIA MADONNA DELLA SPINA;;1;;;
M208;079160;1246087;;TRAVERSA SECONDA DI VIA CALABRIA;;3;;;
M208;079160;1245500;;TRAVERSA SECONDA DI VIA DEI BIZANTINI;;4;;;
M208;079160;1245501;;TRAVERSA SECONDA DI VIA DEL MARE;;0;;;
M208;079160;1245503;;TRAVERSA SECONDA DI VIA ENRICO TOTI;;12;;;
M208;079160;1246290;;TRAVERSA SECONDA DI VIA GIUSEPPE VERDI;;4;;;
M208;079160;1245502;;TRAVERSA SECONDA DI VIA GRAZIA DELEDDA;;2;;;
M208;079160;1245498;;TRAVERSA SECONDA DI VIA GUGLIELMO MARCONI;;42;;;
M208;079160;1245504;;TRAVERSA SECONDA DI VIA LUIGI EINAUDI;;37;;;
M208;079160;1246271;;TRAVERSA SECONDA DI VIA MADONNA DELLA SPINA;;9;;;
M208;079160;1245505;;TRAVERSA SECONDA DI VIA MONTEGRAPPA;;0;;;
M208;079160;1245506;;TRAVERSA SECONDA DI VIA SAVERIO D'IPPOLITO;;6;;;
M208;079160;1245507;;TRAVERSA SECONDA DI VIA SCIRO';;13;;;
M208;079160;1245509;;TRAVERSA SECONDA DI VIALE DEI MILLE;;1;;;
M208;079160;1245510;;TRAVERSA SECONDA DI VIALE PRIMO MAGGIO;;4;;;
M208;079160;1246035;;TRAVERSA SESTA DI VIA DEI BIZANTINI;;10;;;
M208;079160;1246282;;TRAVERSA SESTA DI VIA MADONNA DELLA SPINA;;2;;;
M208;079160;1246040;;TRAVERSA SETTIMA DI VIA DEI BIZANTINI;;13;;;
M208;079160;1246275;;TRAVERSA SETTIMA DI VIA MADONNA DELLA SPINA;;19;;;
M208;079160;1245520;;TRAVERSA TERZA DI VIA DEI BIZANTINI;;11;;;
M208;079160;1245521;;TRAVERSA TERZA DI VIA ENRICO TOTI;;0;;;
M208;079160;1246115;;TRAVERSA TERZA DI VIA MADONNA DELLA SPINA;;7;;;
M208;079160;1245522;;TRAVERSA TERZA DI VIA MONTEGRAPPA;SAN PIETRO LAMETINO;0;;;
M208;079160;1245523;;TRAVERSA TERZA DI VIA SAVERIO D'IPPOLITO;;6;;;
M208;079160;1245524;;TRAVERSA TERZA DI VIA SCIRO';;0;;;
M208;079160;1246065;;TRAVERSA TREDICESIMA DI VIA DEI BIZANTINI;;7;;;
M208;079160;1246062;;TRAVERSA UNDICESIMA DI VIA DEI BIZANTINI;;8;;;
M208;079160;1245807;;VIA ABATE ROBERTO DI GRANDMESNIL;;28;;;
M208;079160;1244976;;VIA ABRUZZI;BELLA;15;;;
M208;079160;1246084;;VIA ACHILLE GRANDE;;19;;;
M208;079160;1244979;;VIA ACQUAFREDDA;;277;;;
M208;079160;1244980;;VIA ADAMELLO;;50;;;
M208;079160;1244981;;VIA ADDA;;122;;;
M208;079160;1244982;;VIA ADDOLORATA;;18;;;
M208;079160;1244983;;VIA ADDURI;;8;;;
M208;079160;1246198;;VIA ADELINA MORACA;;1;;;
M208;079160;1244985;;VIA ADIGE;;12;;;
M208;079160;1244987;;VIA AEROPORTO;;0;;;
M208;079160;1246134;;VIA AFRICA;;29;;;
M208;079160;1244989;;VIA ALBERT EINSTEIN;;12;;;
M208;079160;1244990;;VIA ALBERT SCHWAITZER;;1;;;
M208;079160;1244991;;VIA ALCIDE DE GASPERI;;11;;;
M208;079160;1244992;;VIA ALDO MORO;;69;;;
M208;079160;1244993;;VIA ALDO PERONACI;;11;;;
M208;079160;1244994;;VIA ALESSANDRO MANZONI;;53;;;
M208;079160;1244995;;VIA ALESSANDRO VOLTA;;42;;;
M208;079160;1246161;;VIA ALIDA NUCIFERO;;61;;;
M208;079160;1246153;;VIA ALISEI;;2;;;
M208;079160;1246292;;VIA AMALIA COLAVITA;;15;;;
M208;079160;1244997;;VIA AMERIGO VESPUCCI;;7;;;
M208;079160;1244977;;VIA ANDREA CEFALY SENIOR;;12;;;
M208;079160;1244998;;VIA ANDREA COSTA;;14;;;
M208;079160;1244999;;VIA ANDREA MANTEGNA;;33;;;
M208;079160;1245004;;VIA ANTONELLO DA MESSINA;;52;;;
M208;079160;1245005;;VIA ANTONINO ANILE;;10;;;
M208;079160;1245006;;VIA ANTONIO CANOVA;;17;;;
M208;079160;1245007;;VIA ANTONIO CAPPELLI;;87;;;
M208;079160;1245008;;VIA ANTONIO DA OLIVADI;;22;;;
M208;079160;1245009;;VIA ANTONIO DE CURTIS;;9;;;
M208;079160;1246108;;VIA ANTONIO DE GRAZIA;;7;;;
M208;079160;1244984;;VIA ANTONIO DE MEDICI;;47;;;
M208;079160;1244986;;VIA ANTONIO D'IPPOLITO;;47;;;
M208;079160;1245010;;VIA ANTONIO GRAMSCI;;52;;;
M208;079160;1246199;;VIA ANTONIO MARASCO;;2;;;
M208;079160;1246293;;VIA ANTONIO MEUCCI;;12;;;
M208;079160;1245011;;VIA ANTONIO MISIANI;;44;;;
M208;079160;1246098;;VIA ANTONIO MORELLI;;20;;;
M208;079160;1245012;;VIA ANTONIO REILLO;;41;;;
M208;079160;1245017;;VIA ANTONIO RENDE;;3;;;
M208;079160;1245013;;VIA ANTONIO SEGNI;;4;;;
M208;079160;1245015;;VIA ARCHIMEDE;;2;;;
M208;079160;1245016;;VIA ARCURI;;34;;;
M208;079160;1245018;;VIA ARISTOTELE;;27;;;
M208;079160;1245020;;VIA ARMANDO DIAZ;;6;;;
M208;079160;1245023;;VIA ARMANDO SCARPINO;;4;;;
M208;079160;1245021;;VIA ARNO;;15;;;
M208;079160;1245022;;VIA ARTURO TOSCANINI;;2;;;
M208;079160;1245024;;VIA ASIA;;5;;;
M208;079160;1245025;;VIA ASPROMONTE;;5;;;
M208;079160;1245031;;VIA AURELIO CASSIODORO;;44;;;
M208;079160;1245032;;VIA AUSTRALIA;;4;;;
M208;079160;1245033;;VIA BAGNI;;2;;;
M208;079160;1245038;;VIA BAROLO;;5;;;
M208;079160;1245040;;VIA BASILICATA;;20;;;
M208;079160;1246171;;VIA BASILIO DE FAZIO;;51;;;
M208;079160;1245041;;VIA BASILIO SPOSATO;;33;;;
M208;079160;1246173;;VIA BATTAGLIA DI MAIDA;;9;;;
M208;079160;1245044;;VIA BEATO ANGELICO;;28;;;
M208;079160;1245047;;VIA BELVEDERE;;31;;;
M208;079160;1245050;;VIA BENEDETTO MUSOLINO;;20;;;
M208;079160;1245052;;VIA BENEVENTO;;29;;;
M208;079160;1246163;;VIA BERNARDINO BENINCASA;;25;;;
M208;079160;1245053;;VIA BERNARDINO TELESIO;;59;;;
M208;079160;1245054;;VIA BEZZECCA;;17;;;
M208;079160;1245059;;VIA BOLZANO;;38;;;
M208;079160;1245060;;VIA BORBONI DI NAPOLI;;6;;;
M208;079160;1245063;;VIA BOSCO SANT'ANTONIO;;2;;;
M208;079160;1245066;;VIA BRENTA;;42;;;
M208;079160;1245068;;VIA BREZIA;;5;;;
M208;079160;1246154;;VIA BREZZA;;1;;;
M208;079160;1245069;;VIA BRUNO BUOZZI;;12;;;
M208;079160;1245074;;VIA BUSENTO;;41;;;
M208;079160;1245075;;VIA CADORE;;18;;;
M208;079160;1245076;;VIA CAFALDO;;35;;;
M208;079160;1245081;;VIA CAFARONE;;45;;;
M208;079160;1245083;;VIA CAFOSSI;;17;;;
M208;079160;1245084;;VIA CAGLIARI;BELLA;3;;;
M208;079160;1245085;;VIA CAIO FIORE;;25;;;
M208;079160;1245086;;VIA CAIROLI;;15;;;
M208;079160;1245087;;VIA CALABRIA;;74;;;
M208;079160;1245088;;VIA CALATAFIMI;;24;;;
M208;079160;1245089;;VIA CALIA;;31;;;
M208;079160;1245167;;VIA CALIA;;0;;;
M208;079160;1245092;;VIA CALLERI;;4;;;
M208;079160;1245093;;VIA CALVARIO;;28;;;
M208;079160;1245579;;VIA CAMILLO LORIEDO;;10;;;
M208;079160;1245094;;VIA CAMPANIA;;65;;;
M208;079160;1245098;;VIA CANNETO;;72;;;
M208;079160;1245103;;VIA CAPITANO MANFREDI;;104;;;
M208;079160;1245105;;VIA CAPITOLO;;6;;;
M208;079160;1245109;;VIA CARAVAGGIO;;16;;;
M208;079160;1245112;;VIA CARCERI;;6;;;
M208;079160;1245461;;VIA CARDINALE SIRLETO GUGLIELMO;;32;;;
M208;079160;1245115;;VIA CARLO ARDITO;;8;;;
M208;079160;1245148;;VIA CARLO DE CARDONA;;0;;;
M208;079160;1245116;;VIA CARLO GOLDONI;;14;;;
M208;079160;1245117;;VIA CARLO MARIA TALARICO;;14;;;
M208;079160;1245740;;VIA CARLO PETRONIO;;2;;;
M208;079160;1245118;;VIA CARLO TREVES;;9;;;
M208;079160;1245119;;VIA CARLO TUCCI;;18;;;
M208;079160;1246167;;VIA CARMELINA TROPEA;;51;;;
M208;079160;1245121;;VIA CARNIA;;30;;;
M208;079160;1245123;;VIA CARONTE;;8;;;
M208;079160;1245135;;VIA CARSO;;4;;;
M208;079160;1245137;;VIA CASE NUOVE;;25;;;
M208;079160;1245140;;VIA CASTAGNELLA;;0;;;
M208;079160;1245141;;VIA CASTEL FIDARDO;;9;;;
M208;079160;1246224;;VIA CATERINA MOLINARO;;16;;;
M208;079160;1245144;;VIA CAVALIERE NICOLA AZZARITO;;14;;;
M208;079160;1245145;;VIA CAVALIERI DI MALTA;;13;;;
M208;079160;1245146;;VIA CAVALLERIZZA;;13;;;
M208;079160;1245147;;VIA CAVOUR;;44;;;
M208;079160;1245153;;VIA CERASOLO;;16;;;
M208;079160;1245155;;VIA CESARE BATTISTI;;9;;;
M208;079160;1245156;;VIA CESARE PAVESE;;9;;;
M208;079160;1245157;;VIA CESARE TEODORO MERCURI;;4;;;
M208;079160;1245160;;VIA CIALDINI;;9;;;
M208;079160;1245161;;VIA CIMABUE;;19;;;
M208;079160;1245162;;VIA CIRILLO;;34;;;
M208;079160;1245163;;VIA CITTADELLA;;12;;;
M208;079160;1245165;;VIA CLEARCO DI REGGIO;;8;;;
M208;079160;1245166;;VIA COLADARCI;;17;;;
M208;079160;1245168;;VIA COLONNA DI SERRA;;8;;;
M208;079160;1245169;;VIA COLONNELLO CASSOLI;;6;;;
M208;079160;1245172;;VIA COMMERCIO;;31;;;
M208;079160;1246202;;VIA CONCETTA FLORO;;15;;;
M208;079160;1245177;;VIA CONCIAPELLE;;23;;;
M208;079160;1245178;;VIA CONFORTI;;166;;;
M208;079160;1245182;;VIA CORRADO ALVARO;;17;;;
M208;079160;1245185;;VIA COSCHI;;68;;;
M208;079160;1245191;;VIA CRATI;;32;;;
M208;079160;1245192;;VIA CRISTOFORO COLOMBO;;72;;;
M208;079160;1245193;;VIA CROCEFISSO;;69;;;
M208;079160;1245199;;VIA CRUCICCHIA;;1;;;
M208;079160;1245201;;VIA CURTATONE;;2;;;
M208;079160;1245205;;VIA DAMIANO CHIESA;;16;;;
M208;079160;1245211;;VIA DANTE ALIGHIERI;;7;;;
M208;079160;1246200;;VIA DARIO GALLI;;18;;;
M208;079160;1246122;;VIA DARIO LEONE;;100;;;
M208;079160;1245270;;VIA DE PRETIS;;24;;;
M208;079160;1246157;;VIA DEGLI ABETI;;8;;;
M208;079160;1246102;;VIA DEGLI ALLORI;;2;;;
M208;079160;1246176;;VIA DEGLI AUSONI;;24;;;
M208;079160;1245215;;VIA DEGLI EMIGRANTI;;20;;;
M208;079160;1245216;;VIA DEGLI ENOTRI;;48;;;
M208;079160;1246288;;VIA DEGLI EQUI;;14;;;
M208;079160;1245217;;VIA DEGLI ETRUSCHI;;24;;;
M208;079160;1246101;;VIA DEGLI EUCALIPTI;;28;;;
M208;079160;1245218;;VIA DEGLI IRPINI;;2;;;
M208;079160;1245219;;VIA DEGLI ITALI;;134;;;
M208;079160;1245220;;VIA DEGLI OLEANDRI;;3;;;
M208;079160;1246129;;VIA DEGLI OLMI;;6;;;
M208;079160;1245221;;VIA DEGLI SVEVI;;50;;;
M208;079160;1245222;;VIA DEGLI ULIVETI;;44;;;
M208;079160;1246116;;VIA DEGLI UMBRI;;8;;;
M208;079160;1245223;;VIA DEI BIZANTINI;;361;;;
M208;079160;1245224;;VIA DEI BRUTII;;153;;;
M208;079160;1245225;;VIA DEI CAROLINGI;;8;;;
M208;079160;1246156;;VIA DEI CASTAGNI;;3;;;
M208;079160;1246181;;VIA DEI CEDRI;;3;;;
M208;079160;1246192;;VIA DEI CELTI;;2;;;
M208;079160;1246170;;VIA DEI CERRI;;3;;;
M208;079160;1245226;;VIA DEI CICLAMINI;;29;;;
M208;079160;1246148;;VIA DEI CORSI;;3;;;
M208;079160;1246120;;VIA DEI FAGGI;;6;;;
M208;079160;1245227;;VIA DEI FALEGNAMI;;25;;;
M208;079160;1246117;;VIA DEI FENICI;;4;;;
M208;079160;1246131;;VIA DEI FRASSINI;;5;;;
M208;079160;1246149;;VIA DEI FRENTANI;;5;;;
M208;079160;1245228;;VIA DEI GAROFANI;;9;;;
M208;079160;1246142;;VIA DEI GELSI;;8;;;
M208;079160;1245229;;VIA DEI GELSOMINI;;30;;;
M208;079160;1245230;;VIA DEI GERANI;;0;;;
M208;079160;1245232;;VIA DEI GIGLI;;14;;;
M208;079160;1246106;;VIA DEI GLADIOLI;;9;;;
M208;079160;1245233;;VIA DEI GLICINI;;19;;;
M208;079160;1246105;;VIA DEI GRECI;;39;;;
M208;079160;1245234;;VIA DEI LATINI;;19;;;
M208;079160;1246230;;VIA DEI LECCI;;13;;;
M208;079160;1246182;;VIA DEI LUCANI;;2;;;
M208;079160;1246238;;VIA DEI MARRUCINI;;2;;;
M208;079160;1245237;;VIA DEI MONACI BASILIANI;;3;;;
M208;079160;1245238;;VIA DEI MORGETI;;65;;;
M208;079160;1246193;;VIA DEI NARCISI;;13;;;
M208;079160;1246196;;VIA DEI NOCI;;7;;;
M208;079160;1245240;;VIA DEI NORMANNI;;21;;;
M208;079160;1245242;;VIA DEI PATRIOTI NICASTRESI 1848;;3;;;
M208;079160;1245243;;VIA DEI PATRIOTI SAMBIASINI 1848;;109;;;
M208;079160;1246132;;VIA DEI PIOPPI;;6;;;
M208;079160;1246177;;VIA DEI PLATANI;;0;;;
M208;079160;1245244;;VIA DEI ROMANI;;33;;;
M208;079160;1246143;;VIA DEI SABELLI;;5;;;
M208;079160;1246251;;VIA DEI SALENTINI;;3;;;
M208;079160;1245245;;VIA DEI SALICI;;21;;;
M208;079160;1246123;;VIA DEI SANNITI;;29;;;
M208;079160;1246137;;VIA DEI SARDI;;2;;;
M208;079160;1246150;;VIA DEI SICULI;;3;;;
M208;079160;1246204;;VIA DEI TAURINI;;7;;;
M208;079160;1245246;;VIA DEI TIGLI;;8;;;
M208;079160;1246002;;VIA DEI TULIPANI;;7;;;
M208;079160;1246241;;VIA DEI VOLSCI;;6;;;
M208;079160;1245248;;VIA DEL LAVORO;;11;;;
M208;079160;1245249;;VIA DEL MARE;;59;;;
M208;079160;1245250;;VIA DEL MULINO;;2;;;
M208;079160;1245251;;VIA DEL PROGRESSO;;503;;;
M208;079160;1246140;;VIA DEL SOCCORSO;;18;;;
M208;079160;1245252;;VIA D'ELIA;;23;;;
M208;079160;1245253;;VIA DELLA GIUDECCA;;17;;;
M208;079160;1245255;;VIA DELLA PACE;;4;;;
M208;079160;1245256;;VIA DELLA QUERCIA ANTICA;;11;;;
M208;079160;1245261;;VIA DELLA VITTORIA;;80;;;
M208;079160;1246130;;VIA DELLE BETULLE;;0;;;
M208;079160;1245262;;VIA DELLE GINESTRE;;17;;;
M208;079160;1245263;;VIA DELLE IMPRESE;;35;;;
M208;079160;1245264;;VIA DELLE NAZIONI;;96;;;
M208;079160;1245265;;VIA DELLE PALME;;26;;;
M208;079160;1246277;;VIA DELLE QUERCE;;8;;;
M208;079160;1245266;;VIA DELLE ROSE;;35;;;
M208;079160;1246121;;VIA DELLE TAMERICI;;7;;;
M208;079160;1245267;;VIA DELLE TERME;;103;;;
M208;079160;1245268;;VIA DELLE VIGNE;;6;;;
M208;079160;1245269;;VIA DELLE VIOLE;;15;;;
M208;079160;1245273;;VIA DOMENICO ANTONIO PETRUZZA;;12;;;
M208;079160;1246180;;VIA DOMENICO CURCIO;;8;;;
M208;079160;1245274;;VIA DOMENICO E FRANCESCO RUBINO;;20;;;
M208;079160;1245353;;VIA DOMENICO FRANZI';;14;;;
M208;079160;1245278;;VIA DOMENICO PORCHIO;;0;;;
M208;079160;1246283;;VIA DON LORENZO MILANI;;2;;;
M208;079160;1245275;;VIA DON LUIGI STURZO;;61;;;
M208;079160;1245279;;VIA DUCA D'AOSTA;;59;;;
M208;079160;1245280;;VIA DUCA DEGLI ABRUZZI;SAMBIASE;27;;;
M208;079160;1245281;;VIA DUCA DI GENOVA;;22;;;
M208;079160;1245282;;VIA DUCCIO DI BUONINSEGNA;;2;;;
M208;079160;1246272;;VIA EDOARDO E DOMENICO NICOTERA;;52;;;
M208;079160;1245285;;VIA EDOARDO E FELICE FIORE;;52;;;
M208;079160;1245286;;VIA EDOARDO MONTESANTI;;8;;;
M208;079160;1245287;;VIA EDUARDO DE FILIPPO;;11;;;
M208;079160;1245290;;VIA EMANUELE FILIBERTO;;7;;;
M208;079160;1245288;;VIA EMANUELE GRANDE;;4;;;
M208;079160;1245291;;VIA EMILIA;;61;;;
M208;079160;1245283;;VIA EMILIO BARBERIO;;13;;;
M208;079160;1246191;;VIA EMILIO LA SCALA;;47;;;
M208;079160;1245292;;VIA EMILIO LUSSU;;1;;;
M208;079160;1245300;;VIA EMILIO SEGRE;;17;;;
M208;079160;1245293;;VIA ENRICO BERLINGUER;;2;;;
M208;079160;1245171;;VIA ENRICO COLOSIMO;;32;;;
M208;079160;1245214;;VIA ENRICO DE NICOLA;;8;;;
M208;079160;1245294;;VIA ENRICO FERMI;;6;;;
M208;079160;1245295;;VIA ENRICO TOTI;;108;;;
M208;079160;1245298;;VIA ERNESTO PONTIERI;;8;;;
M208;079160;1245299;;VIA EROI DI SAPRI;;167;;;
M208;079160;1245297;;VIA ETTORE E RUGGERO DE MEDICI;;19;;;
M208;079160;1245301;;VIA ETTORE MAJORANA;;10;;;
M208;079160;1246100;;VIA EUCLIDE;;12;;;
M208;079160;1245302;;VIA EUGENIO MONTALE;;26;;;
M208;079160;1245305;;VIA FABIO FILZI;;15;;;
M208;079160;1246227;;VIA FALERNO;;2;;;
M208;079160;1246141;;VIA FAVONIO;;0;;;
M208;079160;1246209;;VIA FEDERICO MONTESANTI;;9;;;
M208;079160;1245310;;VIA FEDERICO NICOTERA;;69;;;
M208;079160;1245309;;VIA FEDERICO SECONDO;;36;;;
M208;079160;1246099;;VIA FELICE MONTESANTI;;26;;;
M208;079160;1245797;;VIA FELICE RENDA;;6;;;
M208;079160;1245314;;VIA FERRARA;;1;;;
M208;079160;1245319;;VIA FERRUCCIO;;61;;;
M208;079160;1245321;;VIA FIDIA;;22;;;
M208;079160;1245591;;VIA FILIPPA;;0;;;
M208;079160;1245322;;VIA FILIPPA ZANGARONA NICASTRO;;2;;;
M208;079160;1245323;;VIA FILIPPO CORRIDONI;;17;;;
M208;079160;1245324;;VIA FILIPPO TURATI;;5;;;
M208;079160;1245328;;VIA FIRENZE;;17;;;
M208;079160;1245329;;VIA FIUME;;55;;;
M208;079160;1245332;;VIA FONTANA SAN NICOLA;;0;;;
M208;079160;1245333;;VIA FONTANELLA;;0;;;
M208;079160;1246127;;VIA FONTE;;2;;;
M208;079160;1245337;;VIA FORMITI;;15;;;
M208;079160;1245339;;VIA FOSSE ARDEATINE;;12;;;
M208;079160;1245340;;VIA FRANCESCO ACRI;;10;;;
M208;079160;1246186;;VIA FRANCESCO ANTONIO D'IPPOLITO;;15;;;
M208;079160;1245341;;VIA FRANCESCO ANTONIO E LEOPOLDO FUNARO;;22;;;
M208;079160;1245034;;VIA FRANCESCO BARACCA;;6;;;
M208;079160;1246225;;VIA FRANCESCO BLAGANO';;20;;;
M208;079160;1245342;;VIA FRANCESCO BORRELLO;;18;;;
M208;079160;1245343;;VIA FRANCESCO CAPARELLO;;21;;;
M208;079160;1245344;;VIA FRANCESCO CILEA;;21;;;
M208;079160;1245345;;VIA FRANCESCO COLELLI;;90;;;
M208;079160;1245187;;VIA FRANCESCO COSTABILE;;27;;;
M208;079160;1245200;;VIA FRANCESCO CUPIRAGGI;;6;;;
M208;079160;1245346;;VIA FRANCESCO FERLAINO;;38;;;
M208;079160;1245347;;VIA FRANCESCO FIORENTINO;;62;;;
M208;079160;1245348;;VIA FRANCESCO GIOVANNI RUBINO;;5;;;
M208;079160;1245349;;VIA FRANCESCO IERACE;;33;;;
M208;079160;1245331;;VIA FRANCESCO LENORMANT;;29;;;
M208;079160;1245442;;VIA FRANCESCO MATARAZZO;;32;;;
M208;079160;1245350;;VIA FRANCESCO PETRARCA;;15;;;
M208;079160;1245351;;VIA FRANCESCO RISMONDI;;9;;;
M208;079160;1245362;;VIA FRANCESCO TETRO;;3;;;
M208;079160;1246284;;VIA FRANCESCO TRAMONTE E PASQUALE CRISTIANO;;0;;;
M208;079160;1245352;;VIA FRANCESCO TURCO;;25;;;
M208;079160;1245363;;VIA FRANCESCO VIRGILIO;;16;;;
M208;079160;1245355;;VIA FRATELLI BANDIERA;;6;;;
M208;079160;1245357;;VIA FRATELLI CERVI;;24;;;
M208;079160;1245359;;VIA FRATELLI PONZIO;;14;;;
M208;079160;1246111;;VIA FRATELLI ROSSELLI;;3;;;
M208;079160;1245361;;VIA FRIULI;;10;;;
M208;079160;1245367;;VIA GABRIELE CIANFLONE;;12;;;
M208;079160;1245208;;VIA GABRIELE D'ANNUNZIO;;25;;;
M208;079160;1245369;;VIA GAETANO DONIZETTI;;11;;;
M208;079160;1246276;;VIA GAETANO SCIREA;;8;;;
M208;079160;1245371;;VIA GALILEO GALILEI;;11;;;
M208;079160;1245372;;VIA GALLIANO;;20;;;
M208;079160;1245374;;VIA GALLUPPI;;37;;;
M208;079160;1245377;;VIA GARCIA LORCA;;21;;;
M208;079160;1245378;;VIA GARDONE;;8;;;
M208;079160;1245379;;VIA GASPARE MAZZEI;;9;;;
M208;079160;1246086;;VIA GENERALE ALFONSO LA MARMORA;;22;;;
M208;079160;1246266;;VIA GENERALE CARLO ALBERTO DALLA CHIESA;;17;;;
M208;079160;1245383;;VIA GENERALE DALLA CHIESA;;22;;;
M208;079160;1245384;;VIA GENERALE FIORE;;5;;;
M208;079160;1245385;;VIA GENERALE PIETRO CRISTAUDO;;9;;;
M208;079160;1245386;;VIA GENNARO E LORENZO ZAFFINA;;13;;;
M208;079160;1245387;;VIA GERARDO ROHLFS;;19;;;
M208;079160;1245388;;VIA GESUALDO SCARDAMAGLIA;;21;;;
M208;079160;1245389;;VIA GIACOMO LEOPARDI;;70;;;
M208;079160;1245390;;VIA GIACOMO MATTEOTTI;;26;;;
M208;079160;1245391;;VIA GIACOMO PUCCINI;;5;;;
M208;079160;1245396;;VIA GINEPRI;;0;;;
M208;079160;1245398;;VIA GINNASIO;;1;;;
M208;079160;1245399;;VIA GIOACCHINO DA FIORE;;46;;;
M208;079160;1245400;;VIA GIOACCHINO MURAT;;127;;;
M208;079160;1245401;;VIA GIOACHINO ROSSINI;;8;;;
M208;079160;1245402;;VIA GIOBERTI;;39;;;
M208;079160;1245403;;VIA GIORDANO BRUNO;;28;;;
M208;079160;1245409;;VIA GIORGIO AMENDOLA;;14;;;
M208;079160;1245404;;VIA GIORGIO LA PIRA;;67;;;
M208;079160;1245405;;VIA GIORGIO PINNA;;72;;;
M208;079160;1245406;;VIA GIOSUE' CARDUCCI;;18;;;
M208;079160;1245407;;VIA GIOVAN BATTISTA CAPUTI;;12;;;
M208;079160;1245435;;VIA GIOVAN BATTISTA E GIUSEPPE PARRACOCCHIA;;13;;;
M208;079160;1245408;;VIA GIOVAN BATTISTA ROSSO;;0;;;
M208;079160;1246242;;VIA GIOVANNI ALDINI;;4;;;
M208;079160;1245411;;VIA GIOVANNI BERARDINO VESCIO;;15;;;
M208;079160;1245412;;VIA GIOVANNI BERCHET;;3;;;
M208;079160;1245413;;VIA GIOVANNI BOCCACCIO;;40;;;
M208;079160;1246097;;VIA GIOVANNI DE SENSI;;4;;;
M208;079160;1245414;;VIA GIOVANNI FATTORI;;6;;;
M208;079160;1245415;;VIA GIOVANNI GENTILE;;5;;;
M208;079160;1245416;;VIA GIOVANNI GIOLITTI;;13;;;
M208;079160;1245417;;VIA GIOVANNI GRONCHI;;8;;;
M208;079160;1246139;;VIA GIOVANNI MACRI';;4;;;
M208;079160;1245419;;VIA GIOVANNI PASCOLI;;51;;;
M208;079160;1245420;;VIA GIOVANNI SALADINI;;26;;;
M208;079160;1245421;;VIA GIOVANNI TOMMASO PERRONE;;5;;;
M208;079160;1245423;;VIA GIOVANNI VENTITREESIMO;;36;;;
M208;079160;1245422;;VIA GIOVANNI VERGA;;4;;;
M208;079160;1245425;;VIA GIULIA;;5;;;
M208;079160;1245426;;VIA GIUSEPPE BUDERA;;25;;;
M208;079160;1245427;;VIA GIUSEPPE CASTALDI;;8;;;
M208;079160;1245428;;VIA GIUSEPPE DI VITTORIO;;11;;;
M208;079160;1245429;;VIA GIUSEPPE E PASQUALE PORCHIA;;0;;;
M208;079160;1245430;;VIA GIUSEPPE GARIBALDI;;76;;;
M208;079160;1246289;;VIA GIUSEPPE LAZZATI;;3;;;
M208;079160;1245432;;VIA GIUSEPPE MAIONE;;5;;;
M208;079160;1245433;;VIA GIUSEPPE MAZZINI;;58;;;
M208;079160;1245436;;VIA GIUSEPPE SARAGAT;;17;;;
M208;079160;1245456;;VIA GIUSEPPE TOMAINO;;6;;;
M208;079160;1245438;;VIA GIUSEPPE VERDI;;11;;;
M208;079160;1246203;;VIA GIUSEPPINA DE STEFANI;;21;;;
M208;079160;1245440;;VIA GIUSTINIANO PORCHIO;;14;;;
M208;079160;1245441;;VIA GIUSTINO FORTUNATO;;20;;;
M208;079160;1245443;;VIA GOFFREDO MALATERRA;;67;;;
M208;079160;1246147;;VIA GOITO;;27;;;
M208;079160;1245445;;VIA GORIZIA;;62;;;
M208;079160;1245446;;VIA GOVERNA;;15;;;
M208;079160;1245447;;VIA GRANDE;;3;;;
M208;079160;1245448;;VIA GRANDINETTI;;62;;;
M208;079160;1246267;;VIA GRAPPA;;29;;;
M208;079160;1245450;;VIA GRAZIA DELEDDA;;39;;;
M208;079160;1245454;;VIA GRIMALDI;;25;;;
M208;079160;1245460;;VIA GUGLIELMO OBERDAN;;51;;;
M208;079160;1245462;;VIA GUIDO DORSO;;41;;;
M208;079160;1246169;;VIA IDA FALVO D'URSO;;29;;;
M208;079160;1245532;;VIA ILARIONE DA FEROLETO ANTICO;;11;;;
M208;079160;1245535;;VIA INDIPENDENZA;;145;;;
M208;079160;1245541;;VIA INGEGNERE BUTERA;;11;;;
M208;079160;1245542;;VIA INGEGNERE GIUSEPPE D'AUDINO;;5;;;
M208;079160;1245543;;VIA INNOCENZO NONO;;26;;;
M208;079160;1245544;;VIA IPPOLITO D'IPPOLITO;;8;;;
M208;079160;1245545;;VIA ISAAC NEWTON;;51;;;
M208;079160;1245546;;VIA ISNARDI;;7;;;
M208;079160;1245547;;VIA ISONZO;;91;;;
M208;079160;1245548;;VIA ISTRIA;;39;;;
M208;079160;1245550;;VIA ITALO GALLI;;27;;;
M208;079160;1245561;;VIA JEAN HENRY DUNANT;;20;;;
M208;079160;1245562;;VIA JURI GAGARIN;;3;;;
M208;079160;1245565;;VIA LAMBRUSCO;;3;;;
M208;079160;1245568;;VIA LAZIO;;103;;;
M208;079160;1245572;;VIA LEONARDO DA VINCI;;55;;;
M208;079160;1245574;;VIA LIGURIA;;41;;;
M208;079160;1245575;;VIA LIPARI;;9;;;
M208;079160;1245576;;VIA LISSANIA;;18;;;
M208;079160;1245577;;VIA LOMBARDIA;;37;;;
M208;079160;1245578;;VIA LORENZO CALOGERO;;2;;;
M208;079160;1245580;;VIA LUCA SIGNORELLI;;10;;;
M208;079160;1245581;;VIA LUDOVICO ARIOSTO;;9;;;
M208;079160;1246160;;VIA LUIGI CERMINARA;;0;;;
M208;079160;1245582;;VIA LUIGI DI SARRO;;18;;;
M208;079160;1245583;;VIA LUIGI EINAUDI;;41;;;
M208;079160;1245584;;VIA LUIGI GALVANI;;18;;;
M208;079160;1245585;;VIA LUIGI LONGO;;12;;;
M208;079160;1245586;;VIA LUIGI PIRANDELLO;;19;;;
M208;079160;1246184;;VIA LUIGI PULLIA;;1;;;
M208;079160;1245804;;VIA LUIGI RIZZO;;11;;;
M208;079160;1245587;;VIA LUIGI SETTEMBRINI;;115;;;
M208;079160;1246138;;VIA MACELLO VECCHIO;;19;;;
M208;079160;1245593;;VIA MADONNA DEL CARMINE;;17;;;
M208;079160;1246112;;VIA MADONNA DELLA SPINA;;54;;;
M208;079160;1246240;;VIA MAESTRALE;;0;;;
M208;079160;1245594;;VIA MAGENTA;;51;;;
M208;079160;1245595;;VIA MAGGIORDOMO;;25;;;
M208;079160;1245596;;VIA MAGGIORE TOSELLI;;20;;;
M208;079160;1245597;;VIA MAGNA GRECIA;;9;;;
M208;079160;1245601;;VIA MALVASIA;;0;;;
M208;079160;1245605;;VIA MANDONI;;28;;;
M208;079160;1246136;;VIA MANLIO ROSSI DORIA;;10;;;
M208;079160;1244996;;VIA MARASCO;;29;;;
M208;079160;1245608;;VIA MARCHE;;23;;;
M208;079160;1246222;;VIA MARCO BIAGI;;3;;;
M208;079160;1246107;;VIA MARIA LUZZO;;46;;;
M208;079160;1245613;;VIA MARIO PAOLA;;24;;;
M208;079160;1245615;;VIA MARSALA;;6;;;
M208;079160;1245618;;VIA MARTE;;5;;;
M208;079160;1245619;;VIA MARTIN LUTHER KING;;0;;;
M208;079160;1245620;;VIA MARTIRI DI NASSIRYIA;;4;;;
M208;079160;1245623;;VIA MARZABOTTO;;6;;;
M208;079160;1245624;;VIA MASSIMO CAMPIGLI;;8;;;
M208;079160;1246229;;VIA MASSIMO D'ANTONA;;29;;;
M208;079160;1245626;;VIA MATTEO DE BIASE;;8;;;
M208;079160;1245627;;VIA MATTIA PRETI;;6;;;
M208;079160;1245631;;VIA MEDAGLIE D'ORO;;12;;;
M208;079160;1245632;;VIA MEDICO LUIGI STELLA;;1;;;
M208;079160;1245638;;VIA METAURO;NICASTRO;8;;;
M208;079160;1245639;;VIA MICHELANGELO BUONARROTI;;48;;;
M208;079160;1245641;;VIA MICHELE NICOTERA;;18;;;
M208;079160;1245722;;VIA MICHELE PANE;;17;;;
M208;079160;1245643;;VIA MILANO;;70;;;
M208;079160;1246197;;VIA MILAZZO;;12;;;
M208;079160;1245645;;VIA MILITE IGNOTO;;94;;;
M208;079160;1245647;;VIA MINERVA;;3;;;
M208;079160;1246208;;VIA MIRELLA STAGLIANO';;12;;;
M208;079160;1245376;;VIA MOHANDAS KARAMCHAND GANDHI;;31;;;
M208;079160;1245651;;VIA MOLISE;;24;;;
M208;079160;1245652;;VIA MONACI;;14;;;
M208;079160;1245783;;VIA MONSIGNOR AZIO DAVOLI;;172;;;
M208;079160;1245654;;VIA MONSIGNOR COSTANZO;;11;;;
M208;079160;1245658;;VIA MONSIGNOR SAVERIO GATTI;;17;;;
M208;079160;1245650;;VIA MONSIGNOR VITTORIO MOIETTA;;8;;;
M208;079160;1245655;;VIA MONSIGNORE EUGENIO GIAMBRO';;4;;;
M208;079160;1245656;;VIA MONSIGNORE FRANCESCO MAIOLO;;14;;;
M208;079160;1245657;;VIA MONSIGNORE RENATO LUISI;;36;;;
M208;079160;1246126;;VIA MONSONI;;1;;;
M208;079160;1245660;;VIA MONTALTO;;2;;;
M208;079160;1245661;;VIA MONTANARA;;15;;;
M208;079160;1246095;;VIA MONTE BOTTE DONATO;;11;;;
M208;079160;1246291;;VIA MONTE CARDONETO;;16;;;
M208;079160;1245662;;VIA MONTE CARRUMANGO;;3;;;
M208;079160;1245663;;VIA MONTE COCUZZO;;6;;;
M208;079160;1246194;;VIA MONTE COMUNELLI;;4;;;
M208;079160;1246119;;VIA MONTE CONTRO';;5;;;
M208;079160;1245664;;VIA MONTE COVELLO;;2;;;
M208;079160;1245665;;VIA MONTE CRISTO;;13;;;
M208;079160;1246093;;VIA MONTE FAETO;;2;;;
M208;079160;1246096;;VIA MONTE GARIGLIONE;;10;;;
M208;079160;1246092;;VIA MONTE GIOVE;;2;;;
M208;079160;1246152;;VIA MONTE MANCUSO;;6;;;
M208;079160;1245666;;VIA MONTE PELLEGRINO;;9;;;
M208;079160;1245667;;VIA MONTE PIZZUTO;;10;;;
M208;079160;1245668;;VIA MONTE PORTELLA;;2;;;
M208;079160;1245669;;VIA MONTE REVENTINO;;25;;;
M208;079160;1245670;;VIA MONTE RUGGIERO;;3;;;
M208;079160;1246151;;VIA MONTE SAN NICOLA;;4;;;
M208;079160;1246094;;VIA MONTE SANTA MARIA;;4;;;
M208;079160;1246091;;VIA MONTE SANT'ELIA;;6;;;
M208;079160;1246128;;VIA MONTE SANTO;;1;;;
M208;079160;1245671;;VIA MONTE SCUDIERO;;3;;;
M208;079160;1246118;;VIA MONTE SCURO;;12;;;
M208;079160;1246178;;VIA MONTE SORBELLO;;1;;;
M208;079160;1246239;;VIA MONTE SPINA;;31;;;
M208;079160;1245672;;VIA MONTE TIRIOLO;;10;;;
M208;079160;1245673;;VIA MONTEBELLO;;42;;;
M208;079160;1245674;;VIA MONTEGRAPPA;;25;;;
M208;079160;1245675;;VIA MONTELLO;;8;;;
M208;079160;1245676;;VIA MONTELUNGO;;3;;;
M208;079160;1245677;;VIA MONTENERO;;9;;;
M208;079160;1245679;;VIA MONZABANO;;18;;;
M208;079160;1245680;;VIA MOSCONA';;8;;;
M208;079160;1246165;;VIA NAPOLEONE BRUNO RUBERTO;;13;;;
M208;079160;1245685;;VIA NAPOLI;;17;;;
M208;079160;1245686;;VIA NAZARIO SAURO;;18;;;
M208;079160;1245690;;VIA NICCOLO' PAGANINI;;18;;;
M208;079160;1245972;;VIA NICCOLO' TOMMASEO;;16;;;
M208;079160;1246183;;VIA NICE GARGANO;;16;;;
M208;079160;1245691;;VIA NICOLA DA SAMBIASE FRATE;;12;;;
M208;079160;1245692;;VIA NICOLA FRANZI';;4;;;
M208;079160;1245697;;VIA NICOLA MISASI;SAMBIASE;5;;;
M208;079160;1245693;;VIA NICOLA NICOTERA;;32;;;
M208;079160;1245700;;VIA NICOLA SPOSATO;;86;;;
M208;079160;1246273;;VIA NICOTERA;;16;;;
M208;079160;1246146;;VIA NINFA GIUSTI NICOTERA;;3;;;
M208;079160;1245694;;VIA NINO BIXIO;;11;;;
M208;079160;1245696;;VIA NIOLA;;8;;;
M208;079160;1245698;;VIA NOBILE;;35;;;
M208;079160;1245703;;VIA NUNZIO;;14;;;
M208;079160;1245704;;VIA OCINARO;;7;;;
M208;079160;1245707;;VIA OSLAVIA;;14;;;
M208;079160;1245710;;VIA OSPEDALE;;3;;;
M208;079160;1246260;;VIA OSVALDO CERMINARA;;12;;;
M208;079160;1245711;;VIA PABLO NERUDA;;14;;;
M208;079160;1246217;;VIA PADRE ANTONIO DA OLIVADI;;1;;;
M208;079160;1245289;;VIA PADRE ELIA IANNAZZO;;32;;;
M208;079160;1245712;;VIA PADRE FRANCESCO LONGO;;26;;;
M208;079160;1246287;;VIA PADRE FRANCESCO MARIA GATTO;;8;;;
M208;079160;1245713;;VIA PADRE FRANCESCO TROMBETTA;;8;;;
M208;079160;1245714;;VIA PADRE LUIGI ALLEVATO;;20;;;
M208;079160;1245640;;VIA PADRE MICHELE DA SAMBIASE;;35;;;
M208;079160;1246247;;VIA PADRE PIO DA PIETRALCINA;;0;;;
M208;079160;1245715;;VIA PALADINO;;9;;;
M208;079160;1245717;;VIA PALERMO;;37;;;
M208;079160;1245718;;VIA PALESTRO;;53;;;
M208;079160;1245720;;VIA PALMIERI;;14;;;
M208;079160;1245721;;VIA PALMIRO TOGLIATTI;;13;;;
M208;079160;1245724;;VIA PAOLINO CERRA;;8;;;
M208;079160;1245725;;VIA PAOLO ORSI;;8;;;
M208;079160;1245727;;VIA PAPA MARCELLO SECONDO;;16;;;
M208;079160;1245726;;VIA PAPA PAOLO SESTO;;9;;;
M208;079160;1245757;;VIA PAPA PIO DODICESIMO;;5;;;
M208;079160;1245730;;VIA PARTENOPE;;14;;;
M208;079160;1245732;;VIA PASQUALE CELLI;;18;;;
M208;079160;1246205;;VIA PASQUALE CERRA;;5;;;
M208;079160;1245745;;VIA PASQUALE D'AMICO;;6;;;
M208;079160;1245733;;VIA PASQUALE GIULIANI;;11;;;
M208;079160;1246206;;VIA PASQUALE PALADINO;;6;;;
M208;079160;1246281;;VIA PAUL HARRIS;;13;;;
M208;079160;1245143;;VIA PER CATANZARO;;1;;;
M208;079160;1245742;;VIA PER PIANO LUPPINO;;12;;;
M208;079160;1245738;;VIA PESCHIERA;;15;;;
M208;079160;1245744;;VIA PIAVE;;52;;;
M208;079160;1245746;;VIA PIEDICHIUSA;;12;;;
M208;079160;1245748;;VIA PIEMONTE;;20;;;
M208;079160;1246189;;VIA PIERO GOBETTI;;6;;;
M208;079160;1245749;;VIA PIERSANTI MATTARELLA;;25;;;
M208;079160;1245750;;VIA PIETRO ANTONIO MARASCO;;20;;;
M208;079160;1245752;;VIA PIETRO BADOGLIO;;35;;;
M208;079160;1246231;;VIA PIETRO MANCINI;;17;;;
M208;079160;1245753;;VIA PIETRO MASCAGNI;;13;;;
M208;079160;1245754;;VIA PIETRO NENNI;;60;;;
M208;079160;1246144;;VIA PIRO;;12;;;
M208;079160;1245760;;VIA PISA;;33;;;
M208;079160;1245761;;VIA PISANELLI;;38;;;
M208;079160;1245762;;VIA PITAGORA;;25;;;
M208;079160;1245764;;VIA PO;;44;;;
M208;079160;1245765;;VIA PODGORA;;5;;;
M208;079160;1245766;;VIA POERIO;;76;;;
M208;079160;1245769;;VIA POLICARO;;0;;;
M208;079160;1246195;;VIA PONENTINO;;1;;;
M208;079160;1245771;;VIA PONTE SANT'ANTONIO;;16;;;
M208;079160;1245778;;VIA PROCESSIONE STOCCO;;0;;;
M208;079160;1245781;;VIA PRUNIA;;42;;;
M208;079160;1245782;;VIA PUBLIO VIRGILIO MARONE;;39;;;
M208;079160;1245784;;VIA PUGLIE;;27;;;
M208;079160;1245787;;VIA QUARTO;;2;;;
M208;079160;1245789;;VIA RAFFAELE CUPARO;;7;;;
M208;079160;1246280;;VIA RAFFAELE LONGO;;20;;;
M208;079160;1245805;;VIA RAFFAELE MATARAZZO;;41;;;
M208;079160;1246201;;VIA RAFFAELE TETI;;26;;;
M208;079160;1245790;;VIA RAFFAELLO SANZIO;;2;;;
M208;079160;1245792;;VIA RAZIONALE;;41;;;
M208;079160;1245793;;VIA RE DI PUGLIA;;3;;;
M208;079160;1245794;;VIA REGGIO CALABRIA;;2;;;
M208;079160;1245795;;VIA REGINA ELENA;;90;;;
M208;079160;1245796;;VIA REGINA MARGHERITA;;82;;;
M208;079160;1245798;;VIA RENO;;9;;;
M208;079160;1245799;;VIA RICCARDO FORTINA;;5;;;
M208;079160;1245800;;VIA RICCARDO LOMBARDI;;59;;;
M208;079160;1246164;;VIA ROBERT BADEN POWELL;;27;;;
M208;079160;1245806;;VIA ROBERTA LANZINO;;102;;;
M208;079160;1245808;;VIA ROBERTO IL GUISCARDO;;236;;;
M208;079160;1245809;;VIA ROCCO SCOTELLARO;;17;;;
M208;079160;1245810;;VIA ROMA;;23;;;
M208;079160;1246223;;VIA ROSALBINO DE SANDO;;1;;;
M208;079160;1245817;;VIA RUGGERO D'ALTAVILLA;;11;;;
M208;079160;1245818;;VIA SABOTINO;;1;;;
M208;079160;1245820;;VIA SACERDOTE ALFONSO GENOVESE;;12;;;
M208;079160;1245821;;VIA SACERDOTE ANDREA VESCIO;;25;;;
M208;079160;1245822;;VIA SACERDOTE ANTONINO DI FIORE;;18;;;
M208;079160;1245823;;VIA SACERDOTE ANTONIO GRASSO;;20;;;
M208;079160;1245824;;VIA SACERDOTE GIOVANNI DE SENATORE;;4;;;
M208;079160;1246088;;VIA SALVATOR ROSA;;12;;;
M208;079160;1246083;;VIA SALVATORE AVERSA E LUCIA PRECENZANO;;42;;;
M208;079160;1245325;;VIA SALVATORE FIMIANI;;23;;;
M208;079160;1245827;;VIA SALVATORE FODERARO;;228;;;
M208;079160;1246172;;VIA SALVATORE GASPERONI;;19;;;
M208;079160;1245828;;VIA SALVATORE MICELI;;194;;;
M208;079160;1245829;;VIA SALVATORE QUASIMODO;;13;;;
M208;079160;1245830;;VIA SALVATORE RENDA;;1;;;
M208;079160;1245831;;VIA SALVATORE SCILLIA;;14;;;
M208;079160;1245832;;VIA SALVATORE TROPEA;;12;;;
M208;079160;1245833;;VIA SALVEMINI;;11;;;
M208;079160;1245835;;VIA SAMBIASE;;0;;;
M208;079160;1245870;;VIA SAMBIASE SANSEVERINO;;0;;;
M208;079160;1245838;;VIA SAN DOMENICO;;39;;;
M208;079160;1246145;;VIA SAN FERMO;;19;;;
M208;079160;1245844;;VIA SAN GIOVANNI;;26;;;
M208;079160;1245848;;VIA SAN GIUSTO;;53;;;
M208;079160;1245850;;VIA SAN MARTINO;;18;;;
M208;079160;1245851;;VIA SAN MICHELE;;22;;;
M208;079160;1245858;;VIA SAN ROCCO;;1;;;
M208;079160;1245869;;VIA SANDRO PERTINI;;2;;;
M208;079160;1245871;;VIA SANTA BERNARDETTE;;11;;;
M208;079160;1245878;;VIA SANTA LUCIA;;43;;;
M208;079160;1245881;;VIA SANTA MARIA;;65;;;
M208;079160;1245882;;VIA SANTA MARIA DELLE GRAZIE;;19;;;
M208;079160;1245885;;VIA SANTA SOFIA;;9;;;
M208;079160;1245894;;VIA SANTISSIMO ROSARIO;;2;;;
M208;079160;1245895;;VIA SANTISSIMO SALVATORE;;42;;;
M208;079160;1245896;;VIA SANTO SIDERO;;2;;;
M208;079160;1245863;;VIA SANTO TEODORO;;30;;;
M208;079160;1245898;;VIA SANT'UMILE DI BISIGNANO;;21;;;
M208;079160;1245899;;VIA SAPRI;;25;;;
M208;079160;1245900;;VIA SARDEGNA;;13;;;
M208;079160;1245901;;VIA SARNO;;16;;;
M208;079160;1245902;;VIA SATURNO;;14;;;
M208;079160;1245903;;VIA SAVERIO D'IPPOLITO;;14;;;
M208;079160;1245905;;VIA SAVUTANO;;77;;;
M208;079160;1245907;;VIA SCALFARO;;10;;;
M208;079160;1245908;;VIA SCARAMUZZINO;;85;;;
M208;079160;1245910;;VIA SCAVELLO;;16;;;
M208;079160;1245912;;VIA SCESA MERCATO VECCHIO;;6;;;
M208;079160;1245917;;VIA SCIRO';;29;;;
M208;079160;1245920;;VIA SEBASTIANO GUZZI;;18;;;
M208;079160;1245921;;VIA SELE;;26;;;
M208;079160;1245923;;VIA SENATORE ARTURO PERUGINI;;41;;;
M208;079160;1245777;;VIA SENATORE PRIMERANO;;17;;;
M208;079160;1245924;;VIA SERRA;;8;;;
M208;079160;1245927;;VIA SEVERINO BOEZIO;;41;;;
M208;079160;1245929;;VIA SICILIA;;6;;;
M208;079160;1245930;;VIA SILA;;24;;;
M208;079160;1245213;;VIA SILVESTRO D'AUDINO;;19;;;
M208;079160;1245455;;VIA SINOPOLI;;62;;;
M208;079160;1245936;;VIA SOLFERINO;;29;;;
M208;079160;1245938;;VIA SOTTOTENENTE NOTARO;;31;;;
M208;079160;1245942;;VIA SPARTIVENTO;;38;;;
M208;079160;1245943;;VIA SPAVENTA;;5;;;
M208;079160;1245947;;VIA STATTI VIGNOLA;;39;;;
M208;079160;1245951;;VIA STOCCO;;9;;;
M208;079160;1245956;;VIA TAGLIAMENTO;;28;;;
M208;079160;1245958;;VIA TALETE;;29;;;
M208;079160;1245960;;VIA TERINA;;25;;;
M208;079160;1245963;;VIA TERRAVECCHIA;;4;;;
M208;079160;1245965;;VIA TEVERE;;18;;;
M208;079160;1246269;;VIA THOMAS EDISON;;23;;;
M208;079160;1245966;;VIA TICINO;;15;;;
M208;079160;1245967;;VIA TIMAVO;;37;;;
M208;079160;1245969;;VIA TIMPONE;;55;;;
M208;079160;1245970;;VIA TIZIANO;;4;;;
M208;079160;1245973;;VIA TOMMASO CAMPANELLA;;40;;;
M208;079160;1246159;;VIA TOMMASO COLLOCA;;30;;;
M208;079160;1245975;;VIA TOMMASO MARIA FUSCO;;66;;;
M208;079160;1245976;;VIA TORINO;;27;;;
M208;079160;1245977;;VIA TORQUATO TASSO;;40;;;
M208;079160;1245978;;VIA TORRE;;41;;;
M208;079160;1245987;;VIA TOSCANA;;61;;;
M208;079160;1246125;;VIA TRAMONTANA;;1;;;
M208;079160;1245990;;VIA TRE PONTI;;2;;;
M208;079160;1245993;;VIA TREMPA;;15;;;
M208;079160;1245997;;VIA TRENTINO;;1;;;
M208;079160;1245998;;VIA TRENTO;;87;;;
M208;079160;1246000;;VIA TRIESTE;;7;;;
M208;079160;1246003;;VIA UBALDO DE' MEDICI;;23;;;
M208;079160;1246221;;VIA UGO AMALDI;;2;;;
M208;079160;1246005;;VIA UGO FOSCOLO;;10;;;
M208;079160;1246006;;VIA UGO LA MALFA;;13;;;
M208;079160;1246007;;VIA UMBERTO BOCCIONI;;66;;;
M208;079160;1246008;;VIA UMBERTO I;;20;;;
M208;079160;1246009;;VIA UMBERTO SABA;;19;;;
M208;079160;1246011;;VIA UMBRIA;;38;;;
M208;079160;1246018;;VIA VACCARIZZO;;0;;;
M208;079160;1245271;;VIA VECCHIA DI MAIDA;;0;;;
M208;079160;1246028;;VIA VENETO;;16;;;
M208;079160;1246029;;VIA VENEZIA;;35;;;
M208;079160;1246038;;VIA VIGNOLA STELLA;;31;;;
M208;079160;1246109;;VIA VINCENZINA DE MARIA;;22;;;
M208;079160;1245046;;VIA VINCENZO BELLINI;;2;;;
M208;079160;1246044;;VIA VINCENZO BILOTTA;;9;;;
M208;079160;1246045;;VIA VINCENZO MAIONE;;14;;;
M208;079160;1246046;;VIA VINCENZO PADULA;;10;;;
M208;079160;1246174;;VIA VINCENZO SMIRNE;;30;;;
M208;079160;1246047;;VIA VINCENZO TUCCI;;13;;;
M208;079160;1246048;;VIA VINICIO CORTESE;;17;;;
M208;079160;1246049;;VIA VINILUZZA;;0;;;
M208;079160;1246052;;VIA VITO GALATI;;9;;;
M208;079160;1246053;;VIA VITTORIO ALFIERI;;0;;;
M208;079160;1246054;;VIA VITTORIO BACHELET;;2;;;
M208;079160;1246025;;VIA VITTORIO CATALDI;;10;;;
M208;079160;1246056;;VIA VITTORIO VENETO;SAMBIASE;1;;;
M208;079160;1246058;;VIA VOLTURNO;;32;;;
M208;079160;1246068;;VIA XX SETTEMBRE;;128;;;
M208;079160;1246069;;VIA XXIV MAGGIO;;6;;;
M208;079160;1246070;;VIA XXV APRILE;;4;;;
M208;079160;1246071;;VIA ZALEUCO DI LOCRI;;16;;;
M208;079160;1246072;;VIA ZANELLATI;;1;;;
M208;079160;1246073;;VIA ZANOTTI BIANCO;;12;;;
M208;079160;1246075;;VIA ZARA;;36;;;
M208;079160;1246124;;VIA ZEFIRO;;0;;;
M208;079160;1246078;;VIA ZONA INDUSTRIALE;;0;;;
M208;079160;1246079;;VIA ZUCCHERIFICIO;;5;;;
M208;079160;1246080;;VIA ZUPPELLO;;12;;;
M208;079160;1245231;;VIALE DEI GIARDINI;;51;;;
M208;079160;1245236;;VIALE DEI MILLE;;59;;;
M208;079160;1245254;;VIALE DELLA LIBERTA';;18;;;
M208;079160;1245303;;VIALE EUROPA;;45;;;
M208;079160;1245459;;VIALE GUGLIELMO MARCONI;;283;;;
M208;079160;1246258;;VIALE MICHELANGELO;;5;;;
M208;079160;1245486;;VIALE PRIMO MAGGIO;;76;;;
M208;079160;1246256;;VIALE SALVATORE RAFFAELE;;61;;;
M208;079160;1245773;;VIALE SALVEMINI;;0;;;
M208;079160;1245330;;VIALE SAN BRUNO;;90;;;
M208;079160;1246246;;VIALE SAN FRANCESCO DI PAOLA;;1;;;
M208;079160;1245948;;VIALE STAZIONE;;8;;;
M208;079160;1245149;;VICO BERNARDI;;0;;;
M208;079160;1245096;;VICO CANE;;0;;;
M208;079160;1245097;;VICO CANNE;;1;;;
M208;079160;1245107;;VICO CAPORALE;;0;;;
M208;079160;1245179;;VICO CONFORTI;;4;;;
M208;079160;1246061;;VICO DECIMO DI VIA TIMPONE;;4;;;
M208;079160;1245637;;VICO DI LARGO MERCURIO;;2;;;
M208;079160;1245687;;VICO DI LARGO NETTUNO;;5;;;
M208;079160;1245840;;VICO DI LARGO SAN FRANCESCO;;6;;;
M208;079160;1245090;;VICO DI VIA CALIA;;58;;;
M208;079160;1245152;;VICO DI VIA CERASO;;2;;;
M208;079160;1245164;;VICO DI VIA CITTADELLA;;1;;;
M208;079160;1246278;;VICO DI VIA DOMENICO PORCHIO;;55;;;
M208;079160;1245335;;VICO DI VIA FONTE;;5;;;
M208;079160;1246263;;VICO DI VIA GARDONE;;2;;;
M208;079160;1246089;;VICO DI VIA GIOVANNI SALADINI;;7;;;
M208;079160;1245567;;VICO DI VIA LAZIO;;4;;;
M208;079160;1245590;;VICO DI VIA LUPIA;;33;;;
M208;079160;1245644;;VICO DI VIA MILAZZO;;11;;;
M208;079160;1245695;;VICO DI VIA NIOLA;;0;;;
M208;079160;1245955;;VICO DI VIA TAGLIAMENTO;;21;;;
M208;079160;1245989;;VICO DI VIA TRE PONTI;;7;;;
M208;079160;1245772;;VICO DOMENICO PORCHIO;;0;;;
M208;079160;1245356;;VICO FRATELLI BANDIERA;SAMBIASE;1;;;
M208;079160;1245826;;VICO GIOVANNI SALADINI;;0;;;
M208;079160;1245560;;VICO NONO DI VIA TIMPONE;;14;;;
M208;079160;1245706;;VICO ORTO;;1;;;
M208;079160;1246226;;VICO OTTAVO DI VIA BELVEDERE;;1;;;
M208;079160;1246043;;VICO OTTAVO DI VIA TIMPONE;;5;;;
M208;079160;1245986;;VICO OTTAVO DI VIA TORRE;;4;;;
M208;079160;1245735;;VICO PERILLO;;24;;;
M208;079160;1245737;;VICO PESCE;;5;;;
M208;079160;1245775;;VICO PRETE;;5;;;
M208;079160;1245056;;VICO PRIMO BLASCHI;;1;;;
M208;079160;1245077;;VICO PRIMO CAFALDO;;4;;;
M208;079160;1245183;;VICO PRIMO DI CORSO DELLA REPUBBLICA;;8;;;
M208;079160;1245492;;VICO PRIMO DI CORSO VITTORIO EMANUELE;;2;;;
M208;079160;1245463;;VICO PRIMO DI VIA BELVEDERE;;28;;;
M208;079160;1245464;;VICO PRIMO DI VIA CALVARIO;;3;;;
M208;079160;1245606;;VICO PRIMO DI VIA CAPITANO MANFREDI;;0;;;
M208;079160;1245468;;VICO PRIMO DI VIA CAVOUR;;0;;;
M208;079160;1245174;;VICO PRIMO DI VIA CONCIAPELLE;;3;;;
M208;079160;1245465;;VICO PRIMO DI VIA CORTESE;;7;;;
M208;079160;1245189;;VICO PRIMO DI VIA COSTANZO;;5;;;
M208;079160;1245241;;VICO PRIMO DI VIA DEI NORMANNI;;7;;;
M208;079160;1245315;;VICO PRIMO DI VIA FERRUCCIO;;5;;;
M208;079160;1246090;;VICO PRIMO DI VIA FRANCASCO FIORENTINO;;3;;;
M208;079160;1245483;;VICO PRIMO DI VIA GARIBALDI;;35;;;
M208;079160;1245484;;VICO PRIMO DI VIA GIUDECA;;0;;;
M208;079160;1245628;;VICO PRIMO DI VIA GIUSEPPE MAZZINI;;12;;;
M208;079160;1245485;;VICO PRIMO DI VIA GIUSEPPE VERDI;;0;;;
M208;079160;1245537;;VICO PRIMO DI VIA INDIPENDENZA;;8;;;
M208;079160;1245272;;VICO PRIMO DI VIA IPPOLITO D'IPPOLITO;;1;;;
M208;079160;1245607;;VICO PRIMO DI VIA MARASCO;;2;;;
M208;079160;1245488;;VICO PRIMO DI VIA MARIO PAOLA;;8;;;
M208;079160;1245616;;VICO PRIMO DI VIA MARSALA;;0;;;
M208;079160;1245487;;VICO PRIMO DI VIA NICOTERA;;3;;;
M208;079160;1245731;;VICO PRIMO DI VIA PARTENOPE;;7;;;
M208;079160;1245768;;VICO PRIMO DI VIA POERIO;;4;;;
M208;079160;1245326;;VICO PRIMO DI VIA SALVATORE FIMIANI;;1;;;
M208;079160;1245845;;VICO PRIMO DI VIA SAN GIOVANNI;;19;;;
M208;079160;1245877;;VICO PRIMO DI VIA SANTA LUCIA;;1;;;
M208;079160;1245859;;VICO PRIMO DI VIA SANTISSIMO SALVATORE;;5;;;
M208;079160;1245865;;VICO PRIMO DI VIA SANTO TEODORO;;6;;;
M208;079160;1245489;;VICO PRIMO DI VIA SCAVELLO;;8;;;
M208;079160;1245932;;VICO PRIMO DI VIA SILA;;3;;;
M208;079160;1245952;;VICO PRIMO DI VIA STOCCO;;21;;;
M208;079160;1245491;;VICO PRIMO DI VIA TERRAVECCHIA;;0;;;
M208;079160;1245481;;VICO PRIMO DI VIA TIMPONE;;1;;;
M208;079160;1245980;;VICO PRIMO DI VIA TORRE;;6;;;
M208;079160;1245994;;VICO PRIMO DI VIA TREMPA;;11;;;
M208;079160;1246245;;VICO PRIMO DI VIALE DELLA LIBERTA';;1;;;
M208;079160;1245890;;VICO PRIMO SANT'ANTONIO;;2;;;
M208;079160;1245490;;VICO PRIMO SEGGIO;;10;;;
M208;079160;1245925;;VICO PRIMO VIA SERRA;;0;;;
M208;079160;1245551;;VICO QUARTO DI VIA BELVEDERE;;1;;;
M208;079160;1245552;;VICO QUARTO DI VIA CAVOUR;;2;;;
M208;079160;1245540;;VICO QUARTO DI VIA INDIPENDENZA;;6;;;
M208;079160;1245554;;VICO QUARTO DI VIA TIMPONE;;4;;;
M208;079160;1245558;;VICO QUARTO DI VIA TORRE;;3;;;
M208;079160;1245557;;VICO QUARTO VIA SCAVELLO;;0;;;
M208;079160;1246013;;VICO QUINTO DI VIA BELVEDERE;;4;;;
M208;079160;1246014;;VICO QUINTO DI VIA CAVOUR;;2;;;
M208;079160;1246016;;VICO QUINTO DI VIA TIMPONE;;3;;;
M208;079160;1245983;;VICO QUINTO DI VIA TORRE;;3;;;
M208;079160;1245842;;VICO SAN GIACOMO;;2;;;
M208;079160;1245847;;VICO SAN GIUSEPPE;;4;;;
M208;079160;1245849;;VICO SAN MARCO;;3;;;
M208;079160;1245853;;VICO SAN NICOLA;;10;;;
M208;079160;1245867;;VICO SAN VINCENZO;;1;;;
M208;079160;1245868;;VICO SAN VITTORIO;;0;;;
M208;079160;1245875;;VICO SANTA CROCE;;3;;;
M208;079160;1245884;;VICO SANTA RITA;;6;;;
M208;079160;1245886;;VICO SANTA TERESA;;5;;;
M208;079160;1245057;;VICO SECONDO BLASCHI;;7;;;
M208;079160;1245078;;VICO SECONDO CAFALDO;;6;;;
M208;079160;1245184;;VICO SECONDO DI CORSO DELLA REPUBBLICA;;2;;;
M208;079160;1245495;;VICO SECONDO DI VIA BELVEDERE;;13;;;
M208;079160;1245499;;VICO SECONDO DI VIA CAVOUR;;6;;;
M208;079160;1245175;;VICO SECONDO DI VIA CONCIAPELLE;;2;;;
M208;079160;1245496;;VICO SECONDO DI VIA CORTESE;;0;;;
M208;079160;1245497;;VICO SECONDO DI VIA COSTANZO;;0;;;
M208;079160;1246234;;VICO SECONDO DI VIA ENRICO TOTI;;5;;;
M208;079160;1245316;;VICO SECONDO DI VIA FERRUCCIO;;2;;;
M208;079160;1245511;;VICO SECONDO DI VIA FIMIANI;;2;;;
M208;079160;1245512;;VICO SECONDO DI VIA FRANCESCO FIORENTINO;;0;;;
M208;079160;1245513;;VICO SECONDO DI VIA GARIBALDI;;21;;;
M208;079160;1245629;;VICO SECONDO DI VIA GIUSEPPE MAZZINI;;15;;;
M208;079160;1245439;;VICO SECONDO DI VIA GIUSEPPE VERDI;;0;;;
M208;079160;1245538;;VICO SECONDO DI VIA INDIPENDENZA;;0;;;
M208;079160;1245514;;VICO SECONDO DI VIA MARIO PAOLA;;0;;;
M208;079160;1245515;;VICO SECONDO DI VIA NICOTERA;;0;;;
M208;079160;1245846;;VICO SECONDO DI VIA SAN GIOVANNI;;2;;;
M208;079160;1245860;;VICO SECONDO DI VIA SANTISSIMO SALVATORE;;0;;;
M208;079160;1245866;;VICO SECONDO DI VIA SANTO TEODORO;;3;;;
M208;079160;1245933;;VICO SECONDO DI VIA SILA;;1;;;
M208;079160;1245508;;VICO SECONDO DI VIA TIMPONE;;9;;;
M208;079160;1245981;;VICO SECONDO DI VIA TORRE;;0;;;
M208;079160;1245995;;VICO SECONDO DI VIA TREMPA;;13;;;
M208;079160;1245891;;VICO SECONDO SANT'ANTONIO;;13;;;
M208;079160;1245517;;VICO SECONDO SEGGIO;;13;;;
M208;079160;1246036;;VICO SESTA DI VIA TIMPONE;;6;;;
M208;079160;1246033;;VICO SESTO DI VIA BELVEDERE;;4;;;
M208;079160;1246034;;VICO SESTO DI VIA CAVOUR;;8;;;
M208;079160;1245984;;VICO SESTO DI VIA TORRE;;5;;;
M208;079160;1246039;;VICO SETTIMO DI VIA BELVEDERE;;6;;;
M208;079160;1246041;;VICO SETTIMO DI VIA TIMPONE;;5;;;
M208;079160;1245985;;VICO SETTIMO DI VIA TORRE;;1;;;
M208;079160;1245944;;VICO SPINA;;3;;;
M208;079160;1245058;;VICO TERZO BLASCHI;;10;;;
M208;079160;1245079;;VICO TERZO CAFALDO;;5;;;
M208;079160;1245518;;VICO TERZO DI VIA BELVEDERE;;2;;;
M208;079160;1245519;;VICO TERZO DI VIA CAVOUR;;0;;;
M208;079160;1245176;;VICO TERZO DI VIA CONCIAPELLE;;11;;;
M208;079160;1245190;;VICO TERZO DI VIA COSTANZO;;10;;;
M208;079160;1246236;;VICO TERZO DI VIA ENRICO TOTI;;0;;;
M208;079160;1245317;;VICO TERZO DI VIA FERRUCCIO;;4;;;
M208;079160;1245527;;VICO TERZO DI VIA FRANCESCO FIORENTINO;;0;;;
M208;079160;1245528;;VICO TERZO DI VIA GARIBALDI;;0;;;
M208;079160;1245539;;VICO TERZO DI VIA INDIPENDENZA;;2;;;
M208;079160;1245861;;VICO TERZO DI VIA SANTISSIMO SALVATORE;;5;;;
M208;079160;1245529;;VICO TERZO DI VIA SANTO TEODORO;;2;;;
M208;079160;1245525;;VICO TERZO DI VIA TIMPONE;;2;;;
M208;079160;1245982;;VICO TERZO DI VIA TORRE;;11;;;
M208;079160;1245996;;VICO TERZO DI VIA TREMPA;;8;;;
M208;079160;1245531;;VICO TERZO SEGGIO;;8;;;
M208;079160;1245526;;VICO TERZO VIA FIMIANI;;0;;;
M208;079160;1245530;;VICO TERZO VIA SCAVELLO;;0;;;
M208;079160;1245988;;VICO TRASIMENO;;1;;;
M208;079160;1245999;;VICO TRIBUNALE;;6;;;
M208;079160;1246237;;VICO TULIPANO;;1;;;
M208;079160;1246004;;VICO UBALDO DE MEDICI;;5;;;
M208;079160;1246063;;VICO UNDICESIMO DI VIA TIMPONE;;2;;;
M208;079160;1246024;;VICO VATALARO;;3;;;
M208;079160;1246032;;VICO VETRIERA;;8;;;
M208;079160;1246050;;VICO VIOLETTA;;0;;;
M208;079160;1245035;;VICOLO BARBARO;;4;;;
M208;079160;1245113;;VICOLO CARDONE;;0;;;
M208;079160;1245209;;VICOLO DANO;;0;;;
M208;079160;1245260;;VICOLO DELLA VITE;;10;;;
M208;079160;1245375;;VICOLO GALLUZZO;;5;;;
M208;079160;1245394;;VICOLO GIGLIO;;0;;;
M208;079160;1245424;;VICOLO GIOVE;;5;;;
M208;079160;1245573;;VICOLO LEONE;;20;;;
M208;079160;1245588;;VICOLO LUNA;;5;;;
M208;079160;1245589;;VICOLO LUPA;;1;;;
M208;079160;1245770;;VICOLO PONTE;;12;;;
M208;079160;1245482;;VICOLO PRIMO DI VIA FONTANA SAN NICOLA;;1;;;
M208;079160;1245452;;VICOLO PRIMO GREGORACI;;3;;;
M208;079160;1245862;;VICOLO QUARTO DI VIA SANTISSIMO SALVATORE;;1;;;
M208;079160;1245791;;VICOLO RAGNO;;2;;;
M208;079160;1245814;;VICOLO ROSETTA;;4;;;
M208;079160;1245767;;VICOLO SECONDO DI VIA POERIO;;1;;;
M208;079160;1245516;;VICOLO SECONDO DI VIA SCAVELLO;;0;;;
M208;079160;1245453;;VICOLO SECONDO GREGORACI;;4;;;
M208;079160;1245961;;VICOLO TERRA;;2;;;
M208;079160;1246012;;VICOLO URANO;;3;;;
M208;079160;1246027;;VICOLO VENERE;;2;;;
M208;079160;1246057;;VICOLO VOLPE;;2;;;
M208;079160;1245259;;VOCABOLO DELLA STAZIONE;;0;;;
